:0200000470107A
:100000003DB8F39600000000000400007C270100CA
:10001000000000000000000000000000FFFFFFFFE4
:10002000FFFFFFFFFFFFFFFFFFFFFFFFFFFFFFFFE0
:10003000FFFFFFFFFFFFFFFFFFFFFFFFFFFFFFFFD0
:10004000FFFFFFFFFFFFFFFFFFFFFFFFFFFFFFFFC0
:10005000FFFFFFFFFFFFFFFFFFFFFFFFFFFFFFFFB0
:10006000FFFFFFFFFFFFFFFFFFFFFFFFFFFFFFFFA0
:10007000FFFFFFFFFFFFFFFFFFFFFFFFFFFFFFFF90
:10008000FFFFFFFFFFFFFFFFFFFFFFFFFFFFFFFF80
:10009000FFFFFFFFFFFFFFFFFFFFFFFFFFFFFFFF70
:1000A000FFFFFFFFFFFFFFFFFFFFFFFFFFFFFFFF60
:1000B000FFFFFFFFFFFFFFFFFFFFFFFFFFFFFFFF50
:1000C000FFFFFFFFFFFFFFFFFFFFFFFFFFFFFFFF40
:1000D000FFFFFFFFFFFFFFFFFFFFFFFFFFFFFFFF30
:1000E000FFFFFFFFFFFFFFFFFFFFFFFFFFFFFFFF20
:1000F000FFFFFFFFFFFFFFFFFFFFFFFFFFFFFFFF10
:10010000FFFFFFFFFFFFFFFFFFFFFFFFFFFFFFFFFF
:10011000FFFFFFFFFFFFFFFFFFFFFFFFFFFFFFFFEF
:10012000FFFFFFFFFFFFFFFFFFFFFFFFFFFFFFFFDF
:10013000FFFFFFFFFFFFFFFFFFFFFFFFFFFFFFFFCF
:10014000FFFFFFFFFFFFFFFFFFFFFFFFFFFFFFFFBF
:10015000FFFFFFFFFFFFFFFFFFFFFFFFFFFFFFFFAF
:10016000FFFFFFFFFFFFFFFFFFFFFFFFFFFFFFFF9F
:10017000FFFFFFFFFFFFFFFFFFFFFFFFFFFFFFFF8F
:10018000FFFFFFFFFFFFFFFFFFFFFFFFFFFFFFFF7F
:10019000FFFFFFFFFFFFFFFFFFFFFFFFFFFFFFFF6F
:1001A000FFFFFFFFFFFFFFFFFFFFFFFFFFFFFFFF5F
:1001B000FFFFFFFFFFFFFFFFFFFFFFFFFFFFFFFF4F
:1001C000FFFFFFFFFFFFFFFFFFFFFFFFFFFFFFFF3F
:1001D000FFFFFFFFFFFFFFFFFFFFFFFFFFFFFFFF2F
:1001E000FFFFFFFFFFFFFFFFFFFFFFFFFFFFFFFF1F
:1001F000FFFFFFFFFFFFFFFFFFFFFFFFFFFFFFFF0F
:10020000FFFFFFFFFFFFFFFFFFFFFFFFFFFFFFFFFE
:10021000FFFFFFFFFFFFFFFFFFFFFFFFFFFFFFFFEE
:10022000FFFFFFFFFFFFFFFFFFFFFFFFFFFFFFFFDE
:10023000FFFFFFFFFFFFFFFFFFFFFFFFFFFFFFFFCE
:10024000FFFFFFFFFFFFFFFFFFFFFFFFFFFFFFFFBE
:10025000FFFFFFFFFFFFFFFFFFFFFFFFFFFFFFFFAE
:10026000FFFFFFFFFFFFFFFFFFFFFFFFFFFFFFFF9E
:10027000FFFFFFFFFFFFFFFFFFFFFFFFFFFFFFFF8E
:10028000FFFFFFFFFFFFFFFFFFFFFFFFFFFFFFFF7E
:10029000FFFFFFFFFFFFFFFFFFFFFFFFFFFFFFFF6E
:1002A000FFFFFFFFFFFFFFFFFFFFFFFFFFFFFFFF5E
:1002B000FFFFFFFFFFFFFFFFFFFFFFFFFFFFFFFF4E
:1002C000FFFFFFFFFFFFFFFFFFFFFFFFFFFFFFFF3E
:1002D000FFFFFFFFFFFFFFFFFFFFFFFFFFFFFFFF2E
:1002E000FFFFFFFFFFFFFFFFFFFFFFFFFFFFFFFF1E
:1002F000FFFFFFFFFFFFFFFFFFFFFFFFFFFFFFFF0E
:10030000FFFFFFFFFFFFFFFFFFFFFFFFFFFFFFFFFD
:10031000FFFFFFFFFFFFFFFFFFFFFFFFFFFFFFFFED
:10032000FFFFFFFFFFFFFFFFFFFFFFFFFFFFFFFFDD
:10033000FFFFFFFFFFFFFFFFFFFFFFFFFFFFFFFFCD
:10034000FFFFFFFFFFFFFFFFFFFFFFFFFFFFFFFFBD
:10035000FFFFFFFFFFFFFFFFFFFFFFFFFFFFFFFFAD
:10036000FFFFFFFFFFFFFFFFFFFFFFFFFFFFFFFF9D
:10037000FFFFFFFFFFFFFFFFFFFFFFFFFFFFFFFF8D
:10038000FFFFFFFFFFFFFFFFFFFFFFFFFFFFFFFF7D
:10039000FFFFFFFFFFFFFFFFFFFFFFFFFFFFFFFF6D
:1003A000FFFFFFFFFFFFFFFFFFFFFFFFFFFFFFFF5D
:1003B000FFFFFFFFFFFFFFFFFFFFFFFFFFFFFFFF4D
:1003C000FFFFFFFFFFFFFFFFFFFFFFFFFFFFFFFF3D
:1003D000FFFFFFFFFFFFFFFFFFFFFFFFFFFFFFFF2D
:1003E000FFFFFFFFFFFFFFFFFFFFFFFFFFFFFFFF1D
:1003F000FFFFFFFFFFFFFFFFFFFFFFFFFFFFFFFF0D
:1004000000800534D9441018D5431018D94310186A
:100410000944101815441018194410181D441018D8
:100420000000000000000000000000000D44101853
:100430002144101800000000254410182944101809
:1004400011441018114410181144101811441018B8
:1004500011441018114410181144101811441018A8
:100460001144101811441018114410181144101898
:100470001144101811441018114410181144101888
:100480001144101811441018114410181144101878
:100490001144101811441018114410181144101868
:1004A0001144101811441018114410181144101858
:1004B0001144101811441018114410181144101848
:1004C0001144101811441018114410181144101838
:1004D0001144101811441018114410181144101828
:1004E0001144101811441018114410181144101818
:1004F0001144101811441018114410181144101808
:1005000011441018114410181144101811441018F7
:1005100011441018114410181144101811441018E7
:1005200011441018114410181144101811441018D7
:1005300011441018114410181144101811441018C7
:1005400011441018114410181144101811441018B7
:1005500011441018114410181144101811441018A7
:100560001144101811441018114410181144101897
:100570001144101811441018114410181144101887
:100580001144101811441018114410181144101877
:100590001144101811441018114410181144101867
:1005A0001144101811441018114410181144101857
:1005B0001144101811441018114410181144101847
:1005C0001144101811441018114410181144101837
:1005D0001144101811441018114410181144101827
:1005E0001144101811441018114410181144101817
:1005F0001144101811441018114410181144101807
:1006000011441018114410181144101811441018F6
:1006100011441018114410181144101811441018E6
:1006200011441018114410181144101811441018D6
:1006300011441018114410181144101811441018C6
:1006400011441018114410181144101811441018B6
:1006500011441018114410181144101811441018A6
:100660001144101811441018114410181144101896
:100670001144101811441018114410181144101886
:100680001144101811441018114410181144101876
:100690001144101811441018114410181144101866
:1006A0001144101811441018114410181144101856
:1006B0001144101811441018114410181144101846
:1006C0001144101811441018114410181144101836
:1006D0001144101811441018114410181144101826
:1006E0001144101811441018114410181144101816
:1006F0001144101811441018114410181144101806
:1007000011441018114410181144101811441018F5
:1007100011441018114410181144101811441018E5
:1007200011441018114410181144101811441018D5
:1007300011441018114410181144101811441018C5
:1007400011441018114410181144101811441018B5
:1007500011441018114410181144101811441018A5
:100760001144101811441018114410181144101895
:100770001144101811441018114410181144101885
:100780001144101811441018114410181144101875
:100790001144101811441018114410181144101865
:1007A0001144101811441018114410181144101855
:1007B0001144101811441018114410181144101845
:1007C0001144101811441018114410181144101835
:1007D0001144101811441018114410181144101825
:1007E0001144101811441018114410181144101815
:1007F0001144101811441018114410181144101805
:1008000011441018FFFFFFFFFFFFFFFFFFFFFFFF77
:10081000FFFFFFFFFFFFFFFFFFFFFFFFFFFFFFFFE8
:100820007FE97FE902F07ABD0000000000000000CF
:1008300000000000000000000000000000000000B8
:10084000FFFFFFFFFFFFFFFFFFFFFFFFFFFFFFFFB8
:10085000FFFFFFFFFFFFFFFFFFFFFFFFFFFFFFFFA8
:10086000FFFFFFFFFFFFFFFFFFFFFFFFFFFFFFFF98
:10087000FFFFFFFFFFFFFFFFFFFFFFFFFFFFFFFF88
:10088000FFFFFFFFFFFFFFFFFFFFFFFFFFFFFFFF78
:10089000FFFFFFFFFFFFFFFFFFFFFFFFFFFFFFFF68
:1008A000FFFFFFFFFFFFFFFFFFFFFFFFFFFFFFFF58
:1008B000FFFFFFFFFFFFFFFFFFFFFFFFFFFFFFFF48
:1008C000FFFFFFFFFFFFFFFFFFFFFFFFFFFFFFFF38
:1008D000FFFFFFFFFFFFFFFFFFFFFFFFFFFFFFFF28
:1008E000FFFFFFFFFFFFFFFFFFFFFFFFFFFFFFFF18
:1008F000FFFFFFFFFFFFFFFFFFFFFFFFFFFFFFFF08
:10090000FFFFFFFFFFFFFFFFFFFFFFFFFFFFFFFFF7
:10091000FFFFFFFFFFFFFFFFFFFFFFFFFFFFFFFFE7
:10092000FFFFFFFFFFFFFFFFFFFFFFFFFFFFFFFFD7
:10093000FFFFFFFFFFFFFFFFFFFFFFFFFFFFFFFFC7
:10094000FFFFFFFFFFFFFFFFFFFFFFFFFFFFFFFFB7
:10095000FFFFFFFFFFFFFFFFFFFFFFFFFFFFFFFFA7
:10096000FFFFFFFFFFFFFFFFFFFFFFFFFFFFFFFF97
:10097000FFFFFFFFFFFFFFFFFFFFFFFFFFFFFFFF87
:10098000FFFFFFFFFFFFFFFFFFFFFFFFFFFFFFFF77
:10099000FFFFFFFFFFFFFFFFFFFFFFFFFFFFFFFF67
:1009A000FFFFFFFFFFFFFFFFFFFFFFFFFFFFFFFF57
:1009B000FFFFFFFFFFFFFFFFFFFFFFFFFFFFFFFF47
:1009C000FFFFFFFFFFFFFFFFFFFFFFFFFFFFFFFF37
:1009D000FFFFFFFFFFFFFFFFFFFFFFFFFFFFFFFF27
:1009E000FFFFFFFFFFFFFFFFFFFFFFFFFFFFFFFF17
:1009F000FFFFFFFFFFFFFFFFFFFFFFFFFFFFFFFF07
:100A0000FFFFFFFFFFFFFFFFFFFFFFFFFFFFFFFFF6
:100A1000FFFFFFFFFFFFFFFFFFFFFFFFFFFFFFFFE6
:100A2000FFFFFFFFFFFFFFFFFFFFFFFFFFFFFFFFD6
:100A3000FFFFFFFFFFFFFFFFFFFFFFFFFFFFFFFFC6
:100A4000FFFFFFFFFFFFFFFFFFFFFFFFFFFFFFFFB6
:100A5000FFFFFFFFFFFFFFFFFFFFFFFFFFFFFFFFA6
:100A6000FFFFFFFFFFFFFFFFFFFFFFFFFFFFFFFF96
:100A7000FFFFFFFFFFFFFFFFFFFFFFFFFFFFFFFF86
:100A8000FFFFFFFFFFFFFFFFFFFFFFFFFFFFFFFF76
:100A9000FFFFFFFFFFFFFFFFFFFFFFFFFFFFFFFF66
:100AA000FFFFFFFFFFFFFFFFFFFFFFFFFFFFFFFF56
:100AB000FFFFFFFFFFFFFFFFFFFFFFFFFFFFFFFF46
:100AC000FFFFFFFFFFFFFFFFFFFFFFFFFFFFFFFF36
:100AD000FFFFFFFFFFFFFFFFFFFFFFFFFFFFFFFF26
:100AE000FFFFFFFFFFFFFFFFFFFFFFFFFFFFFFFF16
:100AF000FFFFFFFFFFFFFFFFFFFFFFFFFFFFFFFF06
:100B0000FFFFFFFFFFFFFFFFFFFFFFFFFFFFFFFFF5
:100B1000FFFFFFFFFFFFFFFFFFFFFFFFFFFFFFFFE5
:100B2000FFFFFFFFFFFFFFFFFFFFFFFFFFFFFFFFD5
:100B3000FFFFFFFFFFFFFFFFFFFFFFFFFFFFFFFFC5
:100B4000FFFFFFFFFFFFFFFFFFFFFFFFFFFFFFFFB5
:100B5000FFFFFFFFFFFFFFFFFFFFFFFFFFFFFFFFA5
:100B6000FFFFFFFFFFFFFFFFFFFFFFFFFFFFFFFF95
:100B7000FFFFFFFFFFFFFFFFFFFFFFFFFFFFFFFF85
:100B8000FFFFFFFFFFFFFFFFFFFFFFFFFFFFFFFF75
:100B9000FFFFFFFFFFFFFFFFFFFFFFFFFFFFFFFF65
:100BA000FFFFFFFFFFFFFFFFFFFFFFFFFFFFFFFF55
:100BB000FFFFFFFFFFFFFFFFFFFFFFFFFFFFFFFF45
:100BC000FFFFFFFFFFFFFFFFFFFFFFFFFFFFFFFF35
:100BD000FFFFFFFFFFFFFFFFFFFFFFFFFFFFFFFF25
:100BE000FFFFFFFFFFFFFFFFFFFFFFFFFFFFFFFF15
:100BF000FFFFFFFFFFFFFFFFFFFFFFFFFFFFFFFF05
:100C0000F8B500BFF8BC08BC9E467047F8B500BFF9
:100C1000F8BC08BC9E46704729841018992F1018FC
:100C2000712F10180A0D3D3D3D3D3D3D3D3D3D3D83
:100C30003D3D3D3D3D3D3D3D3D3D3D3D3D3D3D3DE4
:100C40003D3D3D3D3D3D3D3D3D3D3D3D3D3D3D3DD4
:100C50003D3D3D3D3D3D3D3D3D3D0A0D000000001B
:100C60000A0D4641494C3A2025730A0D0000000048
:100C70004572726F7220436F64653A203078257830
:100C80000A0D00001B5B324A1B5B3B480000000062
:100C90002A2A2A2A2A2A2A2A2A2A2A2A2A2A2A2AB4
:100CA0002A2A2050534F432045646765204D435501
:100CB0003A20434D333320536563757265204D6F81
:100CC00064652A2A2A2A2A2A2A2A2A2A2A2A2A2A0F
:100CD0002A2A2A2A200D0000505352414D204361F8
:100CE00063686520697320456E61626C65640D0000
:100CF00043795F534D49465F496E69742066616967
:100D00006C65640073657269616C206D656D6F72EE
:100D100079207365747570206661696C6564000084
:100D2000736D69665F6F7370695F707372616D5F19
:100D3000696E6974206572726F7200006D74625F13
:100D400073657269616C5F6D656D6F72795F656EF9
:100D500061626C655F7869703A206661696C656490
:100D6000000000006D74625F73657269616C5F6D95
:100D7000656D6F72795F7365745F77726974655FB3
:100D8000656E61626C653A206661696C656400003D
:100D9000505352414D20696E6974207375636365C9
:100DA000737366756C200D002A2A2A2A2A2A2A2A99
:100DB0002A2A2A2A2A2A2A2A2A2A2050534F43201A
:100DC00045646765204D43553A20434D33332053E6
:100DD0006563757265204D6F646520457869742A76
:100DE0002A2A2A2A2A2A2A2A2A2A2A2A2A2A2A2A63
:100DF0002A200D0A000000000A000000494E4600AB
:100E0000696E66004E414E006E616E0030313233C5
:100E10003435363738396162636465660000000036
:100E20003031323334353637383941424344454620
:100E300000000000286E756C6C2900003000000076
:100E40002E0000004C435F434F4C4C415445000082
:100E50004C435F4354595045000000004C435F4DE4
:100E60004F4E4554415259004C435F4E554D4552EB
:100E7000494300004C435F54494D45004C435F4D8E
:100E80004553534147455300496E66696E6974790D
:100E9000000000004E614E0042616C6C6F63207375
:100EA0007563636565646564000000002F646174A8
:100EB000612F6A656E6B696E732F776F726B7370DB
:100EC0006163652F474E552D746F6F6C6368616960
:100ED0006E2F61726D2D31332F7372632F6E6577B4
:100EE0006C69622D63796777696E2F6E65776C69BF
:100EF000622F6C6962632F7374646C69622F64740F
:100F00006F612E63000000002F646174612F6A65B9
:100F10006E6B696E732F776F726B73706163652F81
:100F2000474E552D746F6F6C636861696E2F6172E7
:100F30006D2D31332F7372632F6E65776C69622D5F
:100F400063796777696E2F6E65776C69622F6C695C
:100F500062632F7374646C69622F6D707265632EA7
:100F6000630000002C2066756E6374696F6E3A2012
:100F700000000000617373657274696F6E20222532
:100F80007322206661696C65643A2066696C65202D
:100F9000222573222C206C696E652025642573251B
:100FA000730A0000010000000000007400000078D7
:100FB0001F00000000030000040100000001000009
:100FC0000004000000040000000700000100000011
:100FD000000100000001000000000000000100000E
:100FE0000200000000000000000100000080BB00C3
:100FF00006000000020000000000000002000200E5
:1010000000000000000000000000000000000000E0
:1010100000000000000000000000000000000000D0
:1010200000000000000000000000000000000000C0
:1010300000000000000000000000000000000000B0
:10104000E80F1018E40F1018E00F1018DC0F10183C
:10105000D80F1018D40F1018D00F1018CC0F10186C
:10106000C80F1018C40F1018C00F1018BC0F10189C
:10107000B80F1018B40F101800004A54D4101018EC
:101080000000000000000000000000000000000060
:101090000000000000000000000000000000000050
:1010A0000000000000000000000000000000000040
:1010B000000000000000000000000000C810101830
:1010C0000000010000000000D0101018542C10186F
:1010D0000400000000000000070000000000000005
:1010E00000000000000000008F0100000000070762
:1010F000070707000100000000009A5208111018AD
:10110000060700FFFF00000010111018602C1018D7
:1011100000010000010000000100000000000000CC
:101120000A000000080000000002000000000000AB
:1011300000000000000000000000000000000000AF
:1011400000000000000000000B0000000000000094
:101150003F000000000000003F0000000000000011
:101160000100000006000000130000000000000065
:10117000000000000000000000000000030000006C
:10118000000000000000000000000000000000005F
:10119000000000000100000000000000010000004D
:1011A0000600000013000000000000000000000026
:1011B000000000000000000003000000000000002C
:1011C000000000000000000000000000000000001F
:1011D0000100000000000000010000000600000007
:1011E00013000000000000000000000000000000EC
:1011F00000000000030000000000000000000000EC
:1012000000000000000000000000000001000000DD
:1012100000000000010000000E0000001B000000A4
:1012200000000000000000000000000000000000BE
:1012300003000000000000000000000000000000AB
:10124000000000000000000001000000000000009D
:101250000100000006000000000000000000000087
:10126000000000000000000000000000030000007B
:10127000000000000000000000000000000000006E
:10128000000000000100000000000000010000005C
:10129000060000000A00000000000000000000003E
:1012A000000000000000000003000000000000003B
:1012B000000000000000000000000000000000002E
:1012C0000100000000000000000000000A00000013
:1012D000000000000000000000000000000000000E
:1012E00000000000030000000000000000000000FB
:1012F00000000000000000000000000001000000ED
:1013000000000000010000000600000014000000C2
:1013100000000000000000000000000000000000CD
:1013200003000000000000000000000000000000BA
:1013300000000000000000000100000000000000AC
:101340000100000008000000140000000000000080
:10135000000000000000000000000000030000008A
:10136000000000000000000000000000000000007D
:10137000000000000100000000000000000000006C
:101380000E0000000000000000000000000000004F
:10139000000000000000000003000000000000004A
:1013A000000000000000000000000000000000003D
:1013B0000100000000000000000000000E0000001E
:1013C000000000000000000000000000000000001D
:1013D000000000000300000000000000000000000A
:1013E00000000000000000000000000001000000FC
:1013F00000000000000000000600000009000000DE
:1014000000000000000000000000000000000000DC
:1014100003000000000000000000000000000000C9
:1014200000000000000000000100000000000000BB
:101430000100000006000000120000000000000093
:101440000000000000000000000000000300000099
:10145000000000000000000000000000000000008C
:10146000000000000100000000000000010000007A
:101470000800000012000000000000000000000052
:101480000000000000000000030000000000000059
:10149000000000000000000000000000000000004C
:1014A0000100000000000000010000000600000034
:1014B000100000000000000000000000000000001C
:1014C0000000000003000000000000000000000019
:1014D000000000000000000000000000010000000B
:1014E00000000000010000000600000010000000E5
:1014F00000000000000000000000000000000000EC
:1015000003000000000000000000000000000000D8
:1015100000000000000000000100000000000000CA
:1015200001000000060000000000000000000000B4
:1015300000000000000000000000000003000000A8
:10154000000000000000000000000000000000009B
:101550000000000001000000000000000100000089
:101560000600000000000000000000000000000075
:101570000000000000000000030000000000000068
:10158000000000000000000000000000000000005B
:101590000100000000000000010000000000000049
:1015A000000000000000000000000000000000003B
:1015B0000000000003000000000000000000000028
:1015C000000000000000000000000000010000001A
:1015D00000000000010000000E0000001B000000E1
:1015E00000000000000000000000000000000000FB
:1015F00003000000000000000000000000000000E8
:1016000000000000000000000100000000000000D9
:10161000010000000E0000001B00000000000000A0
:1016200000000000000000000000000003000000B7
:1016300000000000000000000000000000000000AA
:101640000000000001000000000000000100000098
:101650000600000013000000000000000000000071
:101660000000000000000000030000000000000077
:10167000000000000000000000000000000000006A
:101680000100000000000000010000000E0000004A
:101690001B0000000000000000000000000000002F
:1016A0000000000003000000000000000000000037
:1016B0000000000000000000000000000100000029
:1016C00000000000010000000E0000001B000000F0
:1016D000000000000000000000000000000000000A
:1016E00003000000000000000000000000000000F7
:1016F00000000000000000000100000000000000E9
:10170000010000000E0000001B00000000000000AF
:1017100000000000000000000000000003000000C6
:1017200000000000000000000000000000000000B9
:1017300000000000010000000000000001000000A7
:101740000C0000000000000000000000000000008D
:101750000000000000000000030000000000000086
:101760000000000000000000000000000000000079
:101770000100000000000000010000000C0000005B
:101780000000000000000000000000000000000059
:101790000000000003000000000000000000000046
:1017A0000000000000000000000000000100000038
:1017B0000000000001000000060000000A00000018
:1017C0000000000000000000000000000000000019
:1017D0000300000000000000000000000000000006
:1017E00000000000000000000100000000000000F8
:1017F000010000000A0000000000000000000000DE
:1018000000000000000000000000000003000000D5
:1018100000000000000000000000000000000000C8
:1018200000000000010000000000000000000000B7
:101830000E0000000000000000000000000000009A
:101840000000000000000000030000000000000095
:101850000000000000000000000000000000000088
:10186000010000000000000000000000080000006F
:101870000000000000000000000000000000000068
:101880000000000003000000000000000000000055
:101890000000000000000000000000000100000047
:1018A000000000000000000006000000140000001E
:1018B0000000000000000000000000000000000028
:1018C0000300000000000000000000000000000015
:1018D0000000000000000000010000000000000007
:1018E00000000000080000001400000000000000DC
:1018F00000000000000000000000000003000000E5
:1019000000000000000000000000000000000000D7
:1019100000000000010000000000000001000000C5
:10192000060000001400000000000000000000009D
:1019300000000000000000000300000000000000A4
:101940000000000000000000000000000000000097
:10195000010000000000000001000000080000007D
:101960001400000000000000000000000000000063
:101970000000000003000000000000000000000064
:101980000000000000000000000000000100000056
:101990000000000001000000060000000900000037
:1019A0000000000000000000000000000000000037
:1019B0000300000000000000000000000000000024
:1019C0000000000000000000010000000000000016
:1019D00001000000060000000900000000000000F7
:1019E00000000000000000000000000003000000F4
:1019F00000000000000000000000000000000000E7
:101A000000000000010000000000000001000000D4
:101A10000A000000000000000200000001000000B9
:101A200000000000000000000300000000000000B3
:101A300000000000000000000000000000000000A6
:101A4000010000000000000001000000080000008C
:101A50001500000000000000000000000000000071
:101A60000000000003000000000000000000000073
:101A70000000000000000000000000000100000065
:101A8000000000000100000006000000150000003A
:101A90000000000000000000000000000000000046
:101AA0000300000000000000000000000000000033
:101AB0000000000000000000010000000000000025
:101AC000010000000A000000000000000200000009
:101AD0000100000000000000000000000300000002
:101AE00000000000000000000000000000000000F6
:101AF00000000000010000000000000001000000E4
:101B00000C0000000F0000000000000000000000BA
:101B100000000000000000000300000000000000C2
:101B200000000000000000000000000000000000B5
:101B30000100000000000000010000000C00000097
:101B40000F00000000000000000000000000000086
:101B50000000000003000000000000000000000082
:101B60000000000000000000000000000100000074
:101B700000000000010000000E0000001B0000003B
:101B80000000000000000000000000000000000055
:101B90000300000000000000000000000000000042
:101BA0000000000000000000010000000000000034
:101BB000010000000E0000001B00000000000000FB
:101BC0000000000000000000000000000300000012
:101BD0000000000000000000000000000000000005
:101BE00000000000010000000000000001000000F3
:101BF0000E0000001B0000000000000000000000BC
:101C000000000000000000000300000000000000D1
:101C100000000000000000000000000000000000C4
:101C200001000000000000000100000000000000B2
:101C300000000000000000000000000000000000A4
:101C40000000000003000000000000000000000091
:101C50000000000000000000000000000100000083
:101C600000000000010000000E0000001B0000004A
:101C70000000000000000000000000000000000064
:101C80000300000000000000000000000000000051
:101C90000000000000000000010000000000000043
:101CA000010000000E0000001B000000000000000A
:101CB0000000000000000000000000000300000021
:101CC0000000000000000000000000000000000014
:101CD0000000000001000000000000000100000002
:101CE0000E0000001B0000000000000000000000CB
:101CF00000000000000000000300000000000000E1
:101D000000000000000000000000000000000000D3
:101D100001000000000000000100000006000000BB
:101D2000140000000000000000000000000000009F
:101D300000000000030000000000000000000000A0
:101D40000000000000000000000000000100000092
:101D50000000000001000000080000001400000066
:101D60000000000000000000000000000000000073
:101D70000300000000000000000000000000000060
:101D80000000000000000000010000000000000052
:101D9000010000000E0000001B0000000000000019
:101DA0000000000000000000000000000300000030
:101DB0000000000000000000000000000000000023
:101DC0000000000001000000000000000100000011
:101DD0000E0000001B0000000000000000000000DA
:101DE00000000000000000000300000000000000F0
:101DF00000000000000000000000000000000000E3
:101E00000100000000000000010000000E000000C2
:101E10001B000000000000000000000000000000A7
:101E200000000000030000000000000000000000AF
:101E300000000000000000000000000001000000A1
:101E400000000000010000000E0000001B00000068
:101E50000000000000000000000000000000000082
:101E6000030000000000000000000000000000006F
:101E70000000000000000000010000000000000061
:101E8000010000000E0000001B0000000000000028
:101E9000000000000000000000000000030000003F
:101EA0000000000000000000000000000000000032
:101EB0000000000001000000000000000100000020
:101EC0000E0000001B0000000000000000000000E9
:101ED00000000000000000000300000000000000FF
:101EE00000000000000000000000000000000000F2
:101EF0000100000000000000010000000E000000D2
:101F00001B000000000000000000000000000000B6
:101F100000000000030000000000000000000000BE
:101F200000000000000000000000000001000000B0
:101F300000000000010000000E0000001B00000077
:101F40000000000000000000000000000000000091
:101F5000030000000000000000000000000000007E
:101F60000000000000000000010000000000000070
:101F700001000000800000001B00000000000000C5
:101F8000000000000000000000000000030000004E
:101F90000000000000000000000000000000000041
:101FA000000000000100000000000000010000002F
:101FB000800000001B000000000000000000000086
:101FC000000000000000000003000000000000000E
:101FD0000000000000000000000000000000000001
:101FE00001000000000000000100000006000000E9
:101FF00008000000000000000000000000000000D9
:1020000000000000030000000000000000000000CD
:1020100000000000000000000000000001000000BF
:1020200000000000010000000E0000001B00000086
:1020300000000000000000000000000000000000A0
:10204000030000000000000000000000000000008D
:10205000000000000000000001000000000000007F
:10206000010000000E0000001B0000000000000046
:10207000000000000000000000000000030000005D
:102080000000000000000000000000000000000050
:10209000000000000100000000000000010000003E
:1020A0000E0000001B000000000000000000000007
:1020B000000000000000000003000000000000001D
:1020C0000000000000000000000000000000000010
:1020D0000100000000000000010000000E000000F0
:1020E0001B000000000000000000000000000000D5
:1020F00000000000030000000000000000000000DD
:1021000000000000000000000000000001000000CE
:1021100000000000010000000600000008000000B0
:1021200000000000000000000000000000000000AF
:10213000030000000000000000000000000000009C
:10214000000000000000000001000000000000008E
:102150000000000007000000000000000000000078
:10216000000000000000000000000000000000006F
:102170000000000000000000070000000000000058
:10218000000000000000000000000000000000004F
:102190000000000000000000000000260000060013
:1021A000000000000000062600004A0000000000B9
:1021B0000000006400002000000000000000206417
:1021C0000000200000000000000040640000C0008B
:1021D000000000000000006400002000000000007B
:1021E00000002064000020000000000000004064A7
:1021F0000000C0000000000000001060000024008B
:102200000100000000003460000024000000000015
:10221000000058600000A4000000000000001060F2
:1022200000002400010000000000346000002400D1
:1022300000000000000058600000A4000000000042
:102240000000082400D003000000000000D00B2490
:1022500000300400000000000010002400700500A1
:102260000100000000800524008002000000000042
:10227000000000000000000000000000001001222B
:1022800000A004000100000000B005220080000052
:10229000000000000000000000000000000000003E
:1022A000000000000000000000000000000000002E
:1022B000000000000000001000000000010000000D
:1022C00000000020000000100000000002000000DC
:1022D00000000040000000C00000000003000000FB
:1022E000200810182000000001000000000000106D
:1022F0000100001002000010030000100400001094
:102300000500001006000010070000100800001073
:10231000090000100A0000100B0000100E00001051
:102320000F0000101000001011000010120000102B
:10233000130000101400001015000010160000100B
:102340001700001018000010190000101A000010EB
:102350001B0000101C0000101D0000101E000010CB
:102360001F000010200000102100001022000010AB
:10237000230000102400001025000010260000108B
:102380002700001028000010290000102A0000106B
:102390002B0000102C0000102D0000102E0000104B
:1023A0002F0000103000001031000010320000102B
:1023B000330000103400001035000010360000100B
:1023C0003700001038000010390000103A000010EB
:1023D0003B0000103C0000103D0000103E000010CB
:1023E0003F000010400000104100001042000010AB
:1023F000430000104400001045000010460000108B
:102400004700001048000010490000104A0000106A
:102410004B0000104C0000104D0000104E0000104A
:102420004F0000105000001051000010520000102A
:10243000530000105400001055000010560000100A
:102440005700001058000010590000105A000010EA
:102450005B0000105C0000105D0000105E000010CA
:102460005F000010600000106100001062000010AA
:10247000630000106400001065000010660000108A
:102480006700001068000010690000106A0000106A
:102490006B0000106C0000106D0000106E0000104A
:1024A0006F0000107000001071000010720000102A
:1024B000730000107400001075000010760000100A
:1024C0007700001078000010790000107A000010EA
:1024D0007B0000107C0000107D0000107E000010CA
:1024E0007F000010800000108100001082000010AA
:1024F000830000108400001085000010860000108A
:102500008700001088000010890000108A00001069
:102510008B0000108C0000108D0000108E00001049
:102520008F00001090000010910000109200001029
:102530009300001094000010950000109600001009
:102540009700001098000010990000109A000010E9
:102550009B0000109C0000109D0000109E000010C9
:102560009F000010A0000010A1000010A2000010A9
:10257000A3000010000000000200000003000000A3
:102580000400000005000000060000000D0000002F
:1025900010000000120000001500000016000000EE
:1025A0001E000000210000002200000023000000A7
:1025B000240000002700000028000000290000007F
:1025C0002A0000002B0000002C0000002D0000005D
:1025D0002E0000002F00000030000000310000003D
:1025E000340000003700000038000000390000000F
:1025F0003A0000003B0000003C0000003D000000ED
:102600003E0000003F0000004000000041000000CC
:1026100042000000430000004400000045000000AC
:10262000460000004700000048000000490000008C
:102630004A0000004B0000004C0000004D0000006C
:102640004E0000004F00000050000000510000004C
:10265000520000005300000054000000550000002C
:10266000560000005700000058000000590000000C
:102670005A0000005B0000005C0000005D000000EC
:102680005E0000005F0000006000000062000000CB
:102690006E0000006F00000070000000710000007C
:1026A0007300000074000000750000007600000058
:1026B00077000000780000007A0000007B00000036
:1026C0007C0000007D0000007E0000007F00000014
:1026D00080000000810000008200000083000000F4
:1026E00084000000850000008600000087000000D4
:1026F00088000000890000008A0000008B000000B4
:102700008C0000008D0000008E0000008F00000093
:102710009000000091000000920000009300000073
:102720009400000095000000960000009800000052
:102730009A0000009B0000009C0000009D0000002B
:102740009E0000009F000000A0000000A10000000B
:10275000A2000000A5000000A6000000A7000000E5
:10276000A8000000A9000000AA000000AB000000C3
:10277000AC000000AD000000AE000000AF000000A3
:10278000B0000000B1000000B2000000B300000083
:10279000B4000000B5000000B6000000B700000063
:1027A000B8000000B9000000BA000000BB00000043
:1027B000BC000000BD000000BE000000BF00000023
:1027C000C0000000C1000000C2000000C300000003
:1027D000C4000000C5000000C6000000C7000000E3
:1027E000C8000000C9000000CA000000CB000000C3
:1027F000CC000000CD000000CE000000CF000000A3
:10280000D0000000D1000000D2000000D300000082
:10281000D4000000D5000000D6000000D700000062
:10282000D8000000D9000000DA000000DB00000042
:10283000DC000000DD000000DE000000DF00000022
:10284000E0000000E1000000E2000000E300000002
:10285000E4000000E5000000E6000000E7000000E2
:10286000E8000000E9000000EA000000EB000000C2
:10287000EC000000ED000000EE000000EF000000A2
:10288000F0000000F1000000F2000000F300000082
:10289000F4000000F5000000F6000000F700000062
:1028A000F8000000F9000000FA000000FB00000042
:1028B000FC000000FD000000FE000000FF00000022
:1028C00000010000010100000201000003010000FE
:1028D00004010000050100000601000007010000DE
:1028E00008010000090100000A0100000B010000BE
:1028F0000C0100000D0100000E0100000F0100009E
:10290000100100001101000012010000130100007D
:10291000140100001501000016010000170100005D
:1029200018010000190100001A0100001B0100003D
:102930001C0100001D0100001E0100001F0100001D
:1029400020010000210100002201000023010000FD
:1029500024010000250100002601000027010000DD
:1029600028010000290100002A0100002B010000BD
:102970002C0100002D0100002E0100002F0100009D
:10298000300100003101000032010000330100007D
:10299000340100003501000036010000370100005D
:1029A00038010000390100003A0100003B0100003D
:1029B0003C0100003D0100003E010000FF0000005E
:1029C00001010000060000007C2210180400000035
:1029D000F821101806000000B021101806000000B1
:1029E000982110180200000058221018030000005F
:1029F00040221018020000004C2B101804000000A8
:102A0000AC2B101802000000042B10180600000068
:102A1000A02B101803000000C82A101805000000A1
:102A2000942B101803000000BC2A101801000000AD
:102A3000882B101804000000802A101805000000E0
:102A40007C2B1018040000000020645401000000DA
:102A50000040235201000000004024520100000009
:102A600000404554010000000040495400000000AF
:102A7000003046540100000000304A5400000000BD
:102A80000010215200B005000080000000404954B1
:102A9000000040000000C00000304A540000400028
:102AA0000000C000002064540000060000004A003E
:102AB0000040245200D00300003004000000000059
:102AC00000000000000000000040455400005800D5
:102AD0000000A40000304654000058000000A4008C
:102AE00000404954000020000000200000304A54FB
:102AF00000002000000020000020645400000000BE
:102B0000000006000040455400003400000024008E
:102B100000304654000034000000240000404954B6
:102B2000000000000000200000304A5400000000B7
:102B300000002000004023520080050000800200B9
:102B4000004024520000000000D003000010215279
:102B50000010010000A004000040455400001000D7
:102B60000000240000304654000010000000240043
:102B70000040235200100000007005000201030510
:102B8000010306010307010302000105000106001D
:102B90000107000102010306010307010300000011
:102BA00002010305010307010300000002000307FF
:102BB00000030000CC3355AAF069960F0001FF0214
:102BC000FFFFFF035AC5567B669F95DE5BC5567BAC
:102BD000679F95DE5CC5567B609F95DE5FBF0AD41C
:102BE00063E5C97160BF0AD45CE5C97161BF0AD4ED
:102BF0005DE5C97162BF0AD45EE5C971646445C30D
:102C0000583E8666656445C3593E8666666445C31C
:102C10005A3E8666676445C35B3E86666E275BA246
:102C2000527D98076F275BA2537D980770275BA2A0
:102C30004C7D9807CC3355AAF069960FFE0000FF33
:102C4000C25AC35A000000FF3C5AC35A070000FF93
:102C50003B5AC35A994F1018554F1018A14F1018CE
:102C60005D4F1018AD4F1018754F1018010000007F
:102C70000700000005000000060000000000000042
:102C800002000000000000000A000000090000002F
:102C900005000000060000000A0000000D00000012
:102CA000010000000B0000000D00000080028152B6
:102CB00000018152800381520003815200002A5298
:102CC00000001D540000000003000000040000008C
:102CD0001000000000010000A00F00000100000033
:102CE00010000000800000003030303030303030D4
:102CF0003030303030303030202020202020202054
:102D000020202020202020200500000019000000A5
:102D10007D000000000000000080E03779C34143DF
:102D2000176E05B5B5B89346F5F93FE9034F384D31
:102D3000321D30F94877825A3CBF737FDD4F1575DD
:102D4000000000000000F03F0000000000002440F0
:102D500000000000000059400000000000408F40CB
:102D6000000000000088C34000000000006AF84036
:102D70000000000080842E4100000000D01263415A
:102D80000000000084D797410000000065CDCD41D0
:102D9000000000205FA00242000000E876483742B1
:102DA000000000A2941A6D42000040E59C30A2424F
:102DB0000000901EC4BCD64200003426F56B0C43C4
:102DC0000080E03779C3414300A0D885573476436B
:102DD00000C84E676DC1AB43003D9160E458E143CC
:102DE000408CB5781DAF154450EFE2D6E41A4B4441
:102DF00092D54D06CFF08044F64AE1C7022DB54486
:102E0000B49DD9794378EA44002020202020202056
:102E1000202028282828282020202020202020208A
:102E2000202020202020202020881010101010109A
:102E300010101010101010101004040404040404E6
:102E40000404041010101010101041414141414180
:102E50000101010101010101010101010101010162
:102E60000101010110101010101042424242424272
:102E70000202020202020202020202020202020232
:102E800002020202101010102000000000000000DA
:102E90000000000000000000000000000000000032
:102EA0000000000000000000000000000000000022
:102EB0000000000000000000000000000000000012
:102EC0000000000000000000000000000000000002
:102ED00000000000000000000000000000000000F2
:102EE00000000000000000000000000000000000E2
:102EF00000000000000000000000000000000000D2
:102F00000000000000000000000000003030303001
:102F100030303030303030303030303020202020F1
:102F20002020202020202020202020200348044B87
:102F3000834202D0034B03B118477047647C0334CB
:102F4000647C033400000000064B0749C91A89104D
:102F500048BF0131491003D0044B0BB10148184759
:102F6000704700BF647C0334647C033400000000BD
:102F700010B5064C237843B9FFF7D8FF044B13B1C3
:102F80000448AFF300800123237010BD647C033438
:102F9000000000002853001408B5054B1BB105497B
:102FA0000548AFF30080BDE80840FFF7CDBF00BF84
:102FB00000000000687C033428530014A3F5803A15
:102FC000704700BF174B002B08BF134B9D46FFF700
:102FD000F5FF00218B460F461348144A121A05F0DC
:102FE0002DF80E4B002B00D098470D4B002B00D036
:102FF00098470020002104000D000D48002802D051
:103000000C4805F079FA05F03BF92000290000F0A2
:103010002BF804F061FE00BF000008000000000073
:103020000000000000800534647C033420810334F8
:10303000F98410187DB1101805460C4608B50748EC
:1030400004F048FF2946064804F044FF214605489D
:1030500004F040FF014804F03DFFFEE7240C101887
:10306000600C1018700C1018F0B59BB000F0FCF854
:10307000044600B101BE62B60123002218460421B5
:1030800002F078FC012302221946184602F072FC75
:1030900004B101BE01F090F8054600B101BE00F098
:1030A000B7F8474804F016FF464804F075FF464B52
:1030B00005AC0FCB84E80F00422200210DF1260061
:1030C00004F0BCFF40F201130DF1280CADF82430E0
:1030D00094E80F008CE80F0009A93C480BF010FFA2
:1030E0003B4804F059FF3B4A3B4E1368346823F0D9
:1030F00000431360204642F21072384B71680BF0A7
:103100000BFF002836D1364F20467B681B681A7AA1
:1031100019780BF0F1FE204630490BF0E1FE314901
:10312000314BCDE90117009322460421736C2F48DF
:103130000BF0D2FED0B92DBB01212C480BF0E4FEE0
:1031400020BB012129480BF0C3FEB8B9284804F080
:1031500023FF284804F020FF01F0A6FA0028FBD145
:1031600001F0DAF8B0B172B601BEFEE701462248BE
:10317000FFF762FF01462148FFF75EFF0146204846
:10318000FFF75AFF29461F48FFF756FF01461E4822
:10319000FFF752FF01F0E4F878B91C4BD3F8002494
:1031A00082F38888D3F804446408640020462146EA
:1031B000224623460AF0C0FFFEE772B601BEFEE7D4
:1031C000840C1018900C1018A40F1018000049540B
:1031D000D80C101800004A5478101018D87C03340A
:1031E00028740334807C0334D07C0334147D03348E
:1031F000900D1018A80D1018040D1018F00C1018D0
:10320000640D1018200D10183C0D101800003460CB
:1032100010B5104C104A2046104904F05DF978B9F9
:10322000034620680C4A40F0004020600C490D48DD
:1032300001F0C2FF50B90B4801F028FA18B910BDCF
:1032400072B601BEFEE772B601BEFEE772B601BEFF
:10325000FEE700BF00009A526C7D03341C11101869
:10326000F8101018347D033449F6F77C38B54FF068
:10327000FF306FF0C0051F24214B224A196921F04D
:1032800008011961D96801EA0C0141F0BF6141F4FC
:103290001031D9601C49C2F880121C49C2F884124E
:1032A000C2F88852C2F88C02C2F89002C2F89402A6
:1032B000C2F89842D3F88820154842F47002C3F847
:1032C0008820D0F88820134942F47002C0F8882082
:1032D000D3F88C2042F44062C3F88C204B6B23F06F
:1032E0005C4343F050434B6300F008F90A4801F097
:1032F0004DFA00B138BD0848BDE8384004F0A6BC1E
:1033000000ED00E000E100E0FFFF0F0000FBFF9F89
:1033100000ED02E000EF00E0A87D0334C9B2DBB2AB
:1033200030B594468E4605461C4683B02946724603
:10333000634600941C4801F0AFFA03B0B7EE000AF0
:10334000BDE83040714672467346F7EE000AB7EEAC
:10335000001AF7EE001AB7EE002AF7EE002AB7EED1
:10336000003AF7EE003AB7EE004AF7EE004AB7EE41
:10337000005AF7EE005AB7EE006AF7EE006AB7EEB1
:10338000007AF7EE007A8EF3008C10B4F1EE10CADA
:103390004FF66074C0F6FF740CEA040CE1EE10CA3C
:1033A00010BCF446744700BFA87D033438B5012033
:1033B00002F040FB00283BD004241F4B08211F488B
:1033C0001C6003F0FBFF2146052004F003F800B168
:1033D00001BE1424194D04E02CB301200BF074FD40
:1033E000013C284603F0E4FF0828F5D1DCB10C20AD
:1033F0000BF06AFD0C24124D03E001200BF064FD7C
:10340000013C284603F0D4FF08280ED0002CF4D14C
:1034100001BE08210A4803F0D1FF0A4A536843F06D
:103420000043536038BD01BEE1E7002CF1D1EFE766
:10343000012002F0EBFABFE7002041520030415278
:10344000000010540010405238B5002831D002203E
:1034500002F0F0FA002846D001220221104602F0C4
:10346000C1FA002838D04FF6FF754FF48034214B55
:1034700008211A68204822F033021A609D609C617E
:1034800003F09CFF00B101BE0421072003F0A2FF5E
:10349000E8B90C24184D03E001200BF015FD013CA8
:1034A000284603F085FF082813D0002CF4D101BE74
:1034B00038BD0421072003F0BBFF00B101BE00218D
:1034C0000D4803F07BFF0028F2D001BEF0E701BEFB
:1034D000DFE7002CEBD038BD012302211A46184645
:1034E00002F048FABFE7022002F090FA0028B3D0B9
:1034F00001BEB1E7000064540000665408B500F056
:1035000011F800F029F900F04FFF00F097FA00F0F1
:10351000CBFD00F08FFBBDE8084000F093BD00BF7D
:10352000FEE700BFF0B585B002F098FB0021032054
:1035300002F096FB0321002002F09EFA00210024F5
:10354000084602F0AFFA04F01BF9022003F09EF9DE
:10355000012003F09BF902F00DFB012123462246D6
:103560006E4800940BF0C4FC6C482346224621466A
:1035700000940BF0BDFC6A4802F0DCFA002840F031
:10358000CA800446034602460146009465480BF093
:10359000AFFC234601212246624800940BF0A8FCB0
:1035A000614802F0F3FA614B984200F0AE8040F6B9
:1035B000B83002F019FB5E4B984200F0A6805D48DF
:1035C00002F046FB204602F0A9F95B4D032C08BF30
:1035D0000424204635F81410013402F041FB062C77
:1035E000F4D10124554D55F824305BB11E7859783B
:1035F000204602F057FA3146204602F03DFA2046B6
:1036000002F004FA01340E2CEDD14FF001654C4C60
:103610004C4E002002F074F9C4F818620020C4F87F
:103620001C5203F033F90020474903F067F90028E2
:103630006ED142F2107103F071F9002868D1C4F81C
:1036400038620120C4F83C5203F020F901203F49C0
:1036500003F054F900285BD142F21071012003F00D
:103660005DF90446002853D1394B03F138071D1D7D
:103670005B68002B44D0012102F014FA2146204659
:1036800002F0FAF92646AF4206F101060AD055F8D3
:10369000043F002BF7D1304602F0DAF9AF4206F1D1
:1036A0000106F4D1002103202A4D02F0D9FAC820E6
:1036B0000BF00AFC05F1380700F064FF13E01A78FC
:1036C0001E7A596802A88DF80C20029403F042F883
:1036D0002046314602F0FEF9204602F00BFAAF42D6
:1036E00004F101040AD055F8043F002BE7D120462D
:1036F00002F010FAAF4204F10104F4D105B0F0BDBC
:103700000646304602F0A4F9C8E70120FFF708FF9B
:103710000320FFF705FF0520FFF702FF0009815294
:1037200040420F0080098152EC0F101801004A003E
:1037300002004A000080BB00FC0F10184010101857
:10374000003040520A191F92C07303345873033477
:103750003C1010180410101830B5012183B002205D
:1037600002F0EAF8012140F2011002F0E5F803212D
:1037700040F2031002F0E0F800224FF4807011468E
:1037800002F042F80022442311464FF4807001F009
:1037900079FD00224FF48070114601F0B9FF01223B
:1037A00000214FF4807002F02FF805230122002140
:1037B0004FF4807001F066FD012200214FF480700B
:1037C00001F0A6FF022200214FF4807002F01CF8E5
:1037D0000023022219464FF4807001F053FD0222AB
:1037E00000214FF4807001F093FF032200214FF479
:1037F000807002F009F8F923032200214FF4807051
:1038000001F040FD032200214FF4807001F080FFA1
:10381000042200214FF4807001F0F6FF00230422FF
:1038200019464FF4807001F02DFD042200214FF461
:10383000807001F06DFF002201214FF4807001F0D3
:10384000E3FF0923002201214FF4807001F01AFDEB
:10385000002201214FF4807001F05AFF01224FF441
:103860008070114601F0D0FF0122442311464FF42D
:10387000807001F007FD01221A2411464FF4807078
:1038800001F046FF022201214FF4807001F0BCFFDD
:1038900042F20F73022201214FF4807001F0F2FC1A
:1038A000022201214FF4807001F032FF0322012136
:1038B0004FF4807001F0A8FF4CF24F330322012136
:1038C0004FF4807001F0DEFC032201214FF4807080
:1038D00001F01EFF002202214FF4807001F094FFDE
:1038E000009400245523002202214FF4807001F03F
:1038F000B9FD002202214FF4807001F009FF01227E
:1039000002214FF4807001F07FFF41F287330122E2
:10391000022100944FF4807001F0A4FD01220221E5
:103920004FF4807001F0F4FE224603214FF48070C2
:1039300001F06AFF3F4B2246032100944FF4807050
:1039400001F090FD224603214FF4807001F0E0FE6B
:10395000224602214FF4E06001F056FF2346224642
:10396000022100944FF4E06001F07CFD2246022128
:103970004FF4E06001F0CCFE224621464FF4106087
:103980002D4D01F041FF0723224621464FF41060E0
:1039900001F078FC224621464FF4106001F0B8FE99
:1039A00022460221284601F02FFF1723224602213A
:1039B0002846009401F056FD22460221284601F0D7
:1039C000A7FE01220221284601F01EFF0323012247
:1039D00002212846009401F045FD012202212846DB
:1039E00001F096FE224621464FF4813001F00CFF93
:1039F0000123224621464FF4813001F043FC05F5B6
:103A00000075224621464FF4813001F081FE2246A6
:103A10002146284601F0F8FE224621460123284689
:103A200001F030FC22462146284603B0BDE8304074
:103A300001F06EBED9B4070000010100002208B5F4
:103A400010460923052101F095FF012300221846A5
:103A5000032101F08FFF012303211A46184601F0CC
:103A600089FF012302221846032101F083FF0A2364
:103A700011220121002001F07DFF00224FF410608F
:103A8000114601F03BFF012300221946184601F0C0
:103A900071FF01220221644801F0BCFD0A230622C5
:103AA0000121002001F066FF002201214FF4807007
:103AB00001F0B0FD0A2307220121002001F05AFF86
:103AC000012240F20110114601F0A4FD0A2309224F
:103AD0000121002001F04EFF0022022140F20310DC
:103AE00001F098FD0A2301211A46002001F042FF4F
:103AF00000224FF48270114601F08CFD0A230F2240
:103B00000121002001F036FF0122002140F20910BE
:103B100001F080FD012303221846114601F02AFF1F
:103B200000224FF48130114601F074FD012304227C
:103B30001846032101F01EFF00223C48114601F007
:103B400069FD012305221846032101F013FF0A2312
:103B500003220121002001F00DFF0422002140F288
:103B60000B1001F057FD012302221946184601F0FF
:103B700001FF012303221946184601F0FBFE012331
:103B80001A461946184601F0F5FE0022022128487F
:103B900001F040FD0A2304220121002001F0EAFE89
:103BA0000222012140F20D1001F0A8FE0A23042296
:103BB0000121002001F0DEFE022200214FF4877077
:103BC00001F09CFE0A2304220121002001F0D2FE14
:103BD000032201214FF4897001F090FE0A23042290
:103BE0000121002001F0C6FE032200214FF48A705B
:103BF00001F084FE0A2304220121002001F0BAFE14
:103C00000122022140F21B1001F078FE0A23042257
:103C10000121002001F0AEFEBDE808400422002191
:103C20004FF48F7001F06ABE020101000003010031
:103C30000001010010B5B94C0121B94AB94802F0A0
:103C4000ADFF00212046B84A02F0A8FF012120461E
:103C5000B64A02F0A3FF02212046B54A02F09EFFB9
:103C600003212046B34AB44C02F098FF0021B34A26
:103C7000B34802F093FF00212046B24A02F08EFFC3
:103C80002046B14C0121B14A02F088FF00212046B4
:103C9000AF4A02F083FF01212046AE4A02F07EFFC8
:103CA00002212046AC4A02F079FF03212046AB4AAC
:103CB00002F074FF04212046A94A02F06FFF05219B
:103CC0002046A84A02F06AFF06212046A64A02F0D2
:103CD00065FF2046A54C0721A54A02F05FFF05219C
:103CE0002046A44A02F05AFF07212046A24A803407
:103CF00002F054FF00212046A04A02F04FFF0121AC
:103D000020469F4A02F04AFF032120469D4A02F0C6
:103D100045FF042120469C4A02F040FF0521204631
:103D20009A4A02F03BFF06212046994A02F036FFEC
:103D300007212046974A803402F030FF00212046B8
:103D4000954A02F02BFF01212046944A02F026FFFB
:103D500003212046924A02F021FF05212046914A84
:103D600002F01CFF062120468F4A02F017FF0721B0
:103D700020468E4A803402F011FF002120468C4AF2
:103D800002F00CFF022120468A4A803402F006FF2E
:103D900000212046884A02F001FF01212046874A7F
:103DA00002F0FCFE02212046854A02F0F7FE0321C4
:103DB0002046844A02F0F2FE04212046824A02F0A4
:103DC000EDFE06212046814A803402F0E7FE002104
:103DD00020467F4A02F0E2FE032120467D4A02F09F
:103DE000DDFE042120467C4A02F0D8FE0621204652
:103DF0007A4A02F0D3FE0A2302220121002001F0B8
:103E0000B9FD80340022032140F22D1001F002FCA4
:103E100000212046724A02F0C1FE01212046714A6B
:103E200002F0BCFE022120466F4A02F0B7FE0321D9
:103E300020466E4A02F0B2FE042120466C4A02F08F
:103E4000ADFE052120466B4A04F5C07402F0A6FEC3
:103E500001212046684A02F0A1FE06212046674A59
:103E600002F09CFE07212046654A803402F096FE4F
:103E700000212046634A02F091FE01212046624A59
:103E800002F08CFE02212046604A02F087FE0321E8
:103E900020465F4A02F082FE052120465D4A02F07C
:103EA0007DFE062120465C4A02F078FE072120466E
:103EB0005A4A803402F072FE00212046584A02F02D
:103EC0006DFE01212046574A02F068FE0721204678
:103ED000554A04F5C07402F061FE06212046534A9B
:103EE00002F05CFE07212046514A803402F056FE63
:103EF000002120464F4A02F051FE012120464E4A41
:103F000002F04CFE022120464C4A02F047FE2046B9
:103F1000BDE8104003214A4A02F040BE0000475469
:103F20001421101800008152D82010189C2010185D
:103F3000602010182420101880018152E81F1018EA
:103F400000018152AC1F101800004B54701F101854
:103F5000341F1018F81E1018BC1E1018801E1018E0
:103F6000441E1018081E1018CC1D10180003815292
:103F7000901D1018541D1018181D1018DC1C101856
:103F8000A01C1018641C1018281C1018EC1B10180A
:103F9000B01B1018741B1018381B1018FC1A1018BE
:103FA000C01A1018841A1018481A10180C1A101871
:103FB000D019101894191018581910181C19101825
:103FC000E0181018A4181018681810182C181018D9
:103FD000F0171018B4171018781710183C1710188D
:103FE00000171018C4161018881610184C16101840
:103FF00010161018D4151018981510185C151018F4
:1040000020151018E4141018A81410186C141018A7
:1040100030141018F4131018B81310187C1310185B
:104020004013101804131018C81210188C1210180E
:104030005012101814121018D81110189C111018C2
:1040400060111018164B10B4D3F8D43013F0FC0FD5
:1040500000D101BE1249134AD1F8D03002F1400C10
:1040600043F00103C1F8D0301378107BC1F8D83089
:104070005368103223F01F04C1F8DC4052F8084C9A
:104080009445234403F1FF3323F01F0343EA400325
:1040900043F00103C1F8E030E6D15DF8044B70470E
:1040A00000ED00E0AC22101800233D201A46014923
:1040B00003F08CBD010000402DE9F04FD0E90196DE
:1040C000002593B0CDE90B55CDE90D55CDE90F5540
:1040D0001195002A60D0884603214FF0070A11FB92
:1040E0000287324CDFF8CCB098F8002098F8010035
:1040F00098F80210CDE90DA2CDE90F014FF0FF3283
:104100000BA91820CDE90B9600F0F4FC00220BA9B6
:10411000119001A800F024FD94E8030003AB83E8AC
:1041200003000399019A914208D05D4608F1030803
:10413000B845D9D1284613B0BDE8F08F00F0F2FCA5
:104140000028F2D094E803000DF1140E8EE803006D
:10415000019B174A069951408B42E6D100F0E2FCE0
:104160000028E2D094E8030009AB83E803000DF1D6
:104170001C0C8CE803000E4A0A994A4009998A42AD
:104180000FD194E8030083E80300184601A900F06A
:10419000DFFC0028C9D0C9E71546284613B0BDE8A2
:1041A000F08F00F0C1FC09ABEBE700BFB42B101897
:1041B0003C5AC3A5030082012DE9F04F4E4C91B04B
:1041C0002368002B78DA4D4C4FF000082368002B51
:1041D00080F2848000250120FFF736F9484B03F177
:1041E00038000BE00129116803F108030CBF41F00E
:1041F000100121F010018342116005D01A6819796D
:10420000002AEFD101BEEDE700263E4FCDE9008543
:10421000B146B2463D4695F80480B8F1000F2AD069
:1042200000274446B8462E683068374B98423AD04B
:10423000B8B12F7BAA68002F3CD0032393464FF0E0
:10424000000A13FB072700E030685B46D6E901123D
:1042500003F0D2FB0BF1030B002818BF8246BB45CD
:10426000F2D1BAF1000F18BFD14608F10108A045FC
:1042700006F10C06D8D1254B10359D42CBD1DDE996
:10428000008525B11D4A136823F000431360B8F17F
:10429000000F04D0184A136823F000431360484607
:1042A00011B0BDE8F08F30462A7BA968FFF704FF04
:1042B0008246D6E7BA46D8E702AB4FF47A72204678
:1042C00013490AF029FE20460C4C02A90AF008FE08
:1042D00023684FF00108002BFFF67CAF4FF47A7291
:1042E0000C4902AB20460AF017FE204602A90AF04C
:1042F000F7FD01256FE700BF0000465400004A5457
:10430000482A1018F829101800102152482A1018AD
:104310007421101850211018F8B501210D4803F030
:10432000CDFB50B90C4C0B4F0C4D04F589662A4659
:104330002168084803F0CEFB00B1F8BDFF223846E3
:1043400054F8041B03F01EFC0028F6D1B442EED151
:10435000F8BD00BF0000025274251018BC291018C7
:10436000F8B501210D4803F0A9FB50B90C4C0B4FD7
:104370000C4D04F522762A462168084803F0AAFB72
:1043800000B1F8BDFF22384654F8041B03F0FAFBD5
:104390000028F6D1B442EED1F8BD00BF00000254AF
:1043A000EC221018BC29101808B502F00FFF02F01B
:1043B000A3FF02F027FFFEF7F9FF012304211846AF
:1043C000002201F0D7FABDE808400421062003F0DE
:1043D0002FB800BFFEE700BF1EF0400F08D01EF050
:1043E000040F0CBFEFF30880EFF3098000F0BCB8B6
:1043F000EFF3948010F0020F0CBFEFF38880EFF31F
:10440000898000F0B1B870470AF06EBD0AF06CBD4B
:104410000AF06ABD0AF068BD0AF066BD0AF064BD24
:104420000AF062BD0AF060BD0AF05EBD244825496D
:10443000426B08B522F040424263234BD1F88820FA
:10444000224C42F47002A34238BF9C46C1F8882037
:1044500014D2DCF808306BB1DCE900120023043917
:10446000043A51F8040F013342F8040FDCF8080055
:104470008342F6D30CF10C0CA445EAD31448154B37
:1044800098421BD2002403F1FF3CACEB000C00F17E
:1044900010032CF0070C08309C4450F8043C53B136
:1044A000002350F8082C043A42F8044F50F8041C3A
:1044B00001338B42F8D308306045EED1FEF782FD20
:1044C00000EF00E000ED00E028EF101840EF1018BA
:1044D00040EF101848EF10181E4B10B51A6822F064
:1044E00000421A601A6842F000421A6072B61A4A14
:1044F0001A4C10682146D523206003E052F8040FBF
:1045000041F8040F013BF9D1154B9C60BFF35F8F5D
:104510009B68A34208D030BFFDE7FCE7FBE7FAE762
:10452000F9E7F8E7F7E7F6E70E4B83F30A88BFF3FE
:104530005F8FEFF30A82934208D030BFFDE7FCE7BC
:10454000FBE7FAE7F9E7F8E7F7E7F6E700F010F836
:10455000FFF76CFF00302252000410180070033483
:1045600000ED00E0007805340AF0A2BC00BF7047FF
:1045700008B5FFF7FBFF0F22014BC3F8C02008BDB1
:1045800000002652F8B5002002F024F803460E4A37
:104590000E4F13600E4903F574220E4C3B6002F27D
:1045A0003F2203F2E733A1FB0313A4FB02420A4EAE
:1045B0000A4D9B09920C00202B60326002F00AF831
:1045C000074B1860F8BD00BF847503348C75033445
:1045D000D34D621083DE1B437C7503348075033436
:1045E0008875033440B1836D23B9406DB0FA80F013
:1045F000400970470020704701BEF4E7E9B1002A86
:104600002DE9F84391461ADD531EDFF838804E1E1F
:10461000CF18D8F8004016F8015F54B12946206839
:1046200002F0AAFE0028F9D0BE42F2D14846BDE809
:10463000F88301BED8F80040F0E708467047002034
:10464000F5E700BFB07D0334E1B1002010B50E4C9A
:104650009646226801F1FF3C8AB11168D1F84033D7
:10466000B3F1FF3FFAD0DBB20A2B0CF8013F00F1A7
:10467000010003D00D2B01D07045EDDB10BD01BE54
:104680002268EAE708467047B07D0334034618B154
:10469000044A00201360704701BE024A00201360E4
:1046A000704700BFB07D0334044B186808B100F0B8
:1046B000C3BD01BE186800F0BFBD00BFB07D0334AC
:1046C00070B58646006BDEF82C5018B90DB101BEEE
:1046D0000F4870BD002DFAD02A4600234E6803E033
:1046E000984202F10802F3D055F833400133B44246
:1046F000F6D1B2F804C08C68A445F1D1937923B9FE
:104700009EF803000028E3D170BD002070BD00BFFB
:10471000030066091A4B984204D903F580230A184E
:104720009A4226D919B3F0B5164B1E782EB30C2732
:10473000154D05EBC6062A79A2B12B6817FB023C82
:104740001A6882420BD85C6801EB000E2244824258
:1047500005D91C7A111A44B996450CD910460C3368
:104760009C45EDD10835B542E5D10020F0BD0846A5
:104770007047012070470120F0BD3046F0BD00BFFA
:10478000FFFF0348C4291018C82910180022034647
:1047900010461A605A6070472DE9F0478946DDE9F6
:1047A000088715461E460446002866D0002D5FD0B7
:1047B000B8F1000F51D0002F52D009EB0603042BA3
:1047C00053DC4FEAC90A51462046FFF7A3FF0028F1
:1047D00057D02846F100FFF79DFF002851D0B9F1CE
:1047E000000F51D042460AEB080120686368083484
:1047F000C2E9000308328A42F7D17EB10022381D97
:1048000029686B6847F8321040F83230013296421E
:1048100005F10805F4D8B9F1000F0ED0002408F115
:10482000040558F8340020B155F83410FFF772FF32
:1048300038B30134A145F4D866B100243D1D57F8C2
:10484000340020B155F83410FFF764FFC8B10134CB
:10485000A642F4D10020BDE8F08701BE002FACD104
:1048600001BE09EB0603042BABDD0948BDE8F08768
:1048700001BEB8F1000F9ED1EFE701BE002D97D128
:10488000F6E70448BDE8F087002EB7D1E2E700BFA5
:1048900000006609030066092DE9F04F98460E46B0
:1048A0001446C3B0B42200219DF83071054615A806
:1048B00003F0C4FB424630460DF1340805AE3B46DA
:1048C0002146CDF804800096FFF766FF8146002858
:1048D00040F0DE800599002900F0D880DDF834A092
:1048E000BAF1000F00F0D280DDF81890B9F10F0F87
:1048F00040F2CC800E9B072B029340F2C78009F157
:10490000030323F0030BBBF1B40F00F2C580D945BC
:1049100000F2C2804A4615A803F0E2FC0298C31CCC
:1049200023F00303B42B00F2B780984200F2B48066
:10493000C3F1B4029345039300F2AE8015AB514628
:1049400003EB0B0A0246504603F0CAFC169A039B7F
:1049500012B142F080521692189A03931032914588
:1049600040F09480DAF80420029B0832934240F031
:104970008D809DF85420012A00F2948055F8222061
:10498000002A00F08F809DF85510D068814280F099
:104990008980906809B250F821509DF85600A842CD
:1049A00080F08380526852F8212000EB400100EB38
:1049B000810012EB80031D46029376D0184615A99C
:1049C000FFF77EFE8146002862D11899AA68039BF2
:1049D00091426DD3DAF80410EA684248914238BF38
:1049E0008146012C10D93046029ADFF8F8E002EB3C
:1049F000840108310C32C56852F804CF0830AC4548
:104A000088BFF1468A42F6D1012F10D9029A354863
:104A100002EB870118311C32D8F80C5052F804CF41
:104A200008F10808AC4588BF81468A42F4D1B9F143
:104A3000000F2DD1012C3FD9029A0BEB030C04F18E
:104A40001A0302EB030802F11B05039403E0A845D7
:104A500006F108062FD015F8013F002BF7D0D6E954
:104A60000212D01C20F00300B42815D8824213D8BB
:104A70000CEB0004C0F1B40015AB844563440BD8C3
:104A8000184603F02DFCA446B060E0E7DFF8549030
:104A9000484643B0BDE8F08FDFF84C90484643B03D
:104AA000BDE8F08FDFF84490F2E7DFF84490EFE7DD
:104AB000DFF8309095E7039C0FAA7B1E0092DBB2D3
:104AC000029A0193631E51465468DBB207AA15A8E7
:104AD000A04715AB43F80B005146DDE90D0203F08A
:104AE000FFFBD5E7000066090800660904006609B7
:104AF00001006609034610469BB1CA18013A013904
:104B000011F8013F83EA106343EA002080EA834002
:104B100080EA434080EAC3308A4280EA8330EFD1A2
:104B20007047704701207047FFF7FEBFFFF7FCBFDB
:104B3000FFF7FABFFFF7F8BFFFF7F6BFFFF7F4BFC5
:104B4000FFF7F2BFFFF7F0BFFFF7EEBF704700BF00
:104B500040684B68C01AB0FA80F04009704700BF47
:104B600018232DE9F04391B00A930B46224F04938A
:104B70007B400593049BDFF884E00693059B0DF1D1
:104B80002C0C05469EE803000DF128088CE8030074
:104B900007930DF1340C08AC06AE96E8030091467D
:104BA0008CE8030084E803004FF0FF3241461420F4
:104BB000FFF7A0FF0EA3D3E9002388EA0707CDF88B
:104BC00018800797CDE90223CDF8049002AB0F902F
:104BD00093E8030084E8030096E80600099B284652
:104BE0000093089B00F00CF8284611B0BDE8F08354
:104BF00018000000245AC3A53C5AC3A51C2C101849
:104C000082B010B582B0EC4604468CE806000593ED
:104C10009CE80600079B00F067F8204602B0BDE85C
:104C2000104002B0704700BF0346034A92E80300F9
:104C300083E8030018467047342C10180F4B10B44B
:104C400000221C68034683B021680132002909DA7A
:104C50000B4A92E8030083E80300184603B05DF8AE
:104C6000044B704743F698218A42EDD16A460549C4
:104C700003C982E8030083E80300EEE7BC2C1018A8
:104C8000342C10183C2C101810B4124A0023116850
:104C90008446114C83B01C3101E0A3420DD00A6858
:104CA0000133002AF9DB0D4B93E803008CE8030085
:104CB000604603B05DF8044B70476B46084A92E8C3
:104CC000030083E803008CE80300604603B05DF84E
:104CD000044B7047BC2C101800943577342C1018F6
:104CE0003C2C1018704700BF2DE9F04FA3B06F4661
:104CF00002AC84E806000299924E2091039906F1D5
:104D00001002219104AC0DF1180A0DF1800905463D
:104D100092E8030084E8030099E803008AE80300AE
:104D2000194638469846FFF77FFF97E8030008AB1F
:104D300084E8030096E8030083E80300089A049BD4
:104D40009A4207D094E8030085E80300284623B080
:104D5000BDE8F08FFFF7E6FE0028F3D096E80300E9
:104D60000AAB83E80300049ADFF8E0B10B9B83EA07
:104D70000B039A42E6D1FFF7D5FE0028E2D096E871
:104D8000030089E803000CAB83E80300219B209A11
:104D900083EA0B03934201D0FFF7C6FE96E80300B7
:104DA0000EAB83E8030018462146FFF7D1FE00282A
:104DB000C8D041463846FFF741FF97E8030010ABE3
:104DC00084E8030096E8030083E80300109A049B3C
:104DD0009A4203D04046FFF785FFB3E7FFF7A2FEF4
:104DE0000028F7D096E8030012AB83E80300049A8A
:104DF000DFF858B1139B83EA0B039A42EAD1FFF71D
:104E000091FE0028E6D096E8030089E8030014AB81
:104E100083E80300219B209A83EA0B03934201D08D
:104E2000FFF782FE96E8030016AB83E803001846FE
:104E30002146FFF78DFE0028CCD0434BD3F800B0BD
:104E4000069BCBF80C30079BCBF81030BFF35F8F7D
:104E5000BFF34F8FBFF36F8F012341463846CBF826
:104E60000830FFF711FF97E8030018AB84E8030050
:104E700096E8030083E80300189A049B9A42A9D19C
:104E8000FFF750FE0028A5D096E803001AAB83E890
:104E90000300049A2D4F1B9B7B409A429AD1FFF747
:104EA00041FE002896D096E8030089E803001CAB79
:104EB00083E80300219B209A7B40934201D0FFF7B7
:104EC00033FE96E803001EAB83E803001846214634
:104ED000FFF73EFE00283FF47DAFDBF80C30049373
:104EE000DBF810300593049A069B9A427FF472AF68
:104EF000FFF718FE00283FF46DAF069A134E059B8E
:104F000073409A427FF466AFFFF70CFE00283FF42F
:104F100061AF94E8030089E80300219B209A734065
:104F2000934201D0FFF700FE51462046FFF710FEE6
:104F300000283FF44FAF064B93E8030084E80300DA
:104F400048E700BF342C1018BC2C10183C5AC3A5DD
:104F50004C2C1018004870470102020420B18268EE
:104F60000179006801F020BD01BE82680179006806
:104F700001F01ABD08B50B4658B101798268006886
:104F80001BB100F0C5FB002008BD00F03DFC002077
:104F900008BD01BEF1E700BF006801F01BBB00BF08
:104FA000006809B100F032BD00F052BD2DE9F04FAC
:104FB0008DB00F460A92002800F0898007B901BE23
:104FC000D0F80090836890F804804846099301F077
:104FD000B5FC01F0FFFA00B901BEB0FBF7F40B9489
:104FE00009F008FA05460E462046CDE9025609F0BA
:104FF00001FA02460B4628463146CDE9042309F062
:105000009DFB04460D46B8F1010FCDE9064564D974
:10501000384609F0EFF922462B4682468B4609F0C6
:10502000D5FC002878D0002301260893304609F0EB
:10503000E1F90022464B09F057FADDE9042309F0B3
:105040009DF802460B46DDE9020109F077FB0446B4
:105050000D465046594622462B4609F0B7FC30B162
:105060001F2E55D00896CDE906450136DEE72246CB
:105070002B465046594609F0A9FC0028D6D1DDE957
:10508000060109F009FD39460246012000F066F8E4
:105090000A9B0028B8BF404298421AD80B9B414651
:1050A0004846099A03F1FF3B00F0AEFB089A5B46C5
:1050B000009241464846099A00F0D4F941464846D4
:1050C000099A00F025FB00200DB0BDE8F08F01BE6D
:1050D00074E720480DB0BDE8F08F09F0DDFC3946DB
:1050E0000246012000F03AF80A9B0028B8BF40426F
:1050F0008342EED3099C41462246484600F084FB99
:105100000B9B224641464846013B00F0BBF8D5E7E1
:10511000CDE906450896B2E7DDE9060109F0BCFCD9
:1051200039460246012000F019F80A9A80EAE07335
:10513000A3EBE0739A42CCD30B9B41464846099AB5
:1051400003F1FF3B00F060FB00230893AEE700BFD4
:105150000000A03F0002020409F0B2BE01281ED0E8
:10516000022802D010BB881A70478B1A10B56EEB5C
:105170000E0ED8184EEB0E0CC0184EEB0C0C0A4657
:1051800044014FEA4C1141EAD06100194CEB010196
:10519000C0184EEB0101002309F09EFC10BD05482C
:1051A0008B1A00FB03F393FBF1F0704701BE002064
:1051B000704700BF40420F00F8B504460D46174641
:1051C0001E46002832D045B357B32B6863B338224C
:1051D0000021204602F032FF2B68236056B3C4E959
:1051E00001762B7AFF2B05D0DB0103F1A54303F5F4
:1051F0008033A3616B7A2377AB7A84F82030EB7A23
:10520000FF2B05D0DB0103F1A54303F58033636277
:105210002B7B002084F82830F8BD01BE002FD4D1AC
:1052200001BE2B68002BD2D101BED0E701BE002DFC
:10523000CAD1F2E76E68D2E710B5044600B323681E
:10524000E3B16368C3B1206B20B1FFF7CBF908B9B4
:10525000012010BD63681B68DB07F9D42368D3F80D
:105260000822D3F80832C2F30802C3F3C033D34292
:1052700014BF0120002010BD01BEE4E701BEE0E73D
:1052800001BEDCE710B4C0F30744012CC0F30720D3
:1052900036D901BE4FF0060C60450BD301BE39BBB9
:1052A0009CB3012C02D1811E012947D930485DF8F9
:1052B000044B70470029F3D00129F7D1002CF5D118
:1052C000012819D104219142F0D9B3F5803FEDD2E4
:1052D00002EBC022920002F1A44202F58222D2F82F
:1052E00000146FF3172141EA0323C2F8003439E0B8
:1052F0000129DBD1002CD9D10828D7D10121E2E73F
:10530000002CC7D14FF00A0CC6E7411E0829CDD8A2
:105310000FF2040C5CF821F06D531018695310184B
:105320003D5310183D531018AD521018AD521018BF
:10533000AD521018AD5210183D53101801218A4279
:10534000B4D2FF2BB2D802EBC022640604EB820475
:1053500004F1A44404F58224226822F47F4242EA44
:10536000032323600020A2E70421E8E70521E6E704
:1053700001004A0010B4C0F30744012CC0F3072019
:105380004AD901BE0623834217D801BE012923460C
:105390003AD901BE002C3BD001BE5B0602EBC02215
:1053A00003F1A44303F5802302F5A06253F8220021
:1053B0005DF8044BC0F30F207047012923460AD93A
:1053C00001BE002CE8D1012808BF042320D193425C
:1053D00020D90023E1E70029F3D11CB3012C02D12D
:1053E000831E012B36D901BE640604F1A44402EBEE
:1053F000C02004F5802400F5806054F820005DF89A
:10540000044BC0F3072070470029E6D0002CC3D11D
:10541000082805D00023BFE7002CB3D10A23B2E748
:105420000123D4E7431E082BDDD801A151F823F056
:10543000615410185D541018555410185554101814
:10544000E7531018E7531018E7531018E7531018D4
:105450005554101801239A42C6D3C4E70423FAE72F
:105460000523F8E710B4C0F30744012CC0F307206C
:105470002FD901BE4FF0060C844508D801BE022981
:1054800001D1002C35D02F485DF8044B704702291C
:1054900024D00329F7D1002CF5D10128F3D1002A1B
:1054A000F1D1B3F1807FEED2019A1F2AEBD82649C1
:1054B000D1F8002CD2B242EA0323C1F8003CD1F863
:1054C000003C019A23F0F80343EAC203C1F8003C10
:1054D00036E0002CCED14FF00A0CCDE73CB1012CC8
:1054E000D1D10128CFD1022ACDD8014609E0012827
:1054F00004D00728C7D1002AC5D101E0012AC2D8AB
:105500000021B3F5803FBED2019C1F2CBBD84906B9
:1055100002EBC02201EB820202F1A44202F58222D8
:10552000D2F800186FF3172141EA0323C2F80038BC
:10553000D2F8003823F0F80343EAC403C2F8003875
:105540000020A1E701004A000030045230B4C0F34B
:105550000744012CC0F307200DD901BE4FF0060C03
:10556000844500D801BEA1F1020CBCF1010F07D99E
:1055700001BE30BC7047002CF0D14FF00A0CEFE7B1
:10558000DBB1029DCDB102291AD0002C37D001BE6B
:1055900002EBC022640604EB820404F1A44404F587
:1055A0008224D4F8002C120A1A60D4F8003C029A23
:1055B000C3F3C403136030BC704701BE0229E4D1B9
:1055C00014B3012C04D1012802D103218A4200D353
:1055D00001BE02EBC022640604EB820404F1A44481
:1055E00004F58224D4F80028C2F30F221A60D4F8FC
:1055F0000038029AC3F3C403136030BC704701281B
:10560000C5D1002AC4D0C2E70128DFD00728DFD1E6
:105610000121DBE7C0F30743012B10B5C0F3072CD2
:1056200030D901BE4FF0060EE64500D801BE032971
:1056300026D8E9B9002B3CD0012B21D1ACF1020EC8
:10564000BEF1010F1CD84FF0010E724518D24FEA7F
:10565000CC2C5B065CFA80F003F1A44342EA012201
:1056600003F5802300F5407143F82120002010BD90
:10567000012915D002290AD013B9BCF1010F39D084
:10568000224810BD002BCDD14FF00A0ECCE75BB302
:10569000012BF5D1BCF1010FF2D1022AD7D9EFE7E6
:1056A000002BEDD1BCF1010F2AD0BCF1080FE7D1DE
:1056B000C9E70CF1FF3EBEF1080FE1D801A454F890
:1056C0002EF000BF07571018015710184756101832
:1056D0004756101881561018815610188156101808
:1056E0008156101847561018BCF1010F05D0BCF1B7
:1056F000070FC5D1002AAAD0C2E7012AA7D9BFE760
:105700004FF0040EA1E74FF0050E9EE701004A009E
:10571000C0F30743012BC0F3072031D901BE4FF07E
:10572000060C844500D801BE03292ED800B5E9B97E
:10573000002B3BD0012B20D1A0F1020CBCF1010FBA
:105740001BD84FF0010C624517D242EA01225B06DA
:1057500003F1A44142F0034201F58021430342F4E6
:105760007F02CA500020CB585DF804FB012916D0F7
:1057700002290CD00BB9012838D022485DF804FB6F
:10578000002BCCD14FF00A0CCBE71E4870474BB32F
:10579000012BF2D10128F0D1022AD6D9EDE7002B56
:1057A000EBD1012828D00828E7D1CAE700F1FF3C57
:1057B000BCF1080FE1D80FF2080E5EF82CF000BF24
:1057C000FF571018F957101843571018435710185F
:1057D0007B5710187B5710187B5710187B571018E1
:1057E00043571018012804D00728C6D1002AACD08E
:1057F000C3E7012AA9D9C0E74FF0040CA3E74FF093
:10580000050CA0E701004A00C0F30743012BC0F3D9
:1058100007202FD901BE4FF0060C844500D801BEE9
:1058200003292CD800B5D9B9002B39D0012B1ED1B2
:10583000A0F1020CBCF1010F19D84FF0010C624528
:1058400015D25B0603F1A44C42EA012243030CF596
:10585000802C42F0804200204CF803205DF804FBCD
:10586000012916D002290CD00BB9012838D02248C2
:105870005DF804FB002BCED14FF00A0CCDE71E489B
:1058800070474BB3012BF2D10128F0D1022AD8D9AD
:10589000EDE7002BEBD1012828D00828E7D1CCE791
:1058A00000F1FF3CBCF1080FE1D80FF2080E5EF8E2
:1058B0002CF000BFF3581018ED5810183B58101872
:1058C0003B5810186F5810186F5810186F58101850
:1058D0006F5810183B581018012804D00728C6D15B
:1058E000002AAED0C3E7012AABD9C0E74FF0040CC1
:1058F000A5E74FF0050CA2E701004A00FFF78ABEBA
:10590000032800D901BE044AD2F8903360F30A2379
:10591000C2F89033704700BF00104052052800D9EC
:1059200001BE044AD2F8003360F30203C2F8003328
:10593000704700BF00104052C0F30723012BC0B2D4
:1059400000D901BE052800D901BEFF290ED880016B
:1059500000EB436303F1A44303F580431A6800207E
:1059600022F47F4242EA01221A60704700487047E1
:1059700001004A00012810B500D901BE052900D94F
:1059800001BE0D2B26D81F2A00D901BE144C9B0046
:105990001C44D4F84032002B05DBD4F8403243F0ED
:1059A0000043C4F8403244F2140E012344F2100CB8
:1059B0002930890101EB406151F80E0003FA02F22F
:1059C00020EA020041F80E0051F80C301A4341F869
:1059D0000C2010BD01BE1F2AE5D901BEE3E700BFC0
:1059E00000104052012800D901BE052900D901BE8E
:1059F0001F2A00D901BE44F210032930890101EBAE
:105A00004061C858D04000F0010070470D280AD806
:105A1000064B80000344D3F84022002042F00042AD
:105A2000C3F8402270470248704700BF0010405240
:105A300001004A000D2806D8044B00F5926053F887
:105A40002000C00F70470020704700BF0000405288
:105A5000431E0C2B0AD8064B80000344D3F8402287
:105A6000002022F00042C3F84022704701487047EE
:105A70000010405201004A000D280DD80F290BD804
:105A8000064A80000244D2F84032002023F00F037F
:105A90000B43C2F840327047014870470010405233
:105AA00001004A000D280ED80F290CD8074A8000A3
:105AB0000244D2F84032002023F4706343EA012309
:105AC000C2F8403270470248704700BF0010405291
:105AD00001004A000D2800D901BE054B0001034416
:105AE000D3F8002461F39E72C3F80024704700BF0E
:105AF000001040520D2800D901BE054B000103449F
:105B0000D3F8002442F00042C3F80024704700BFDD
:105B1000001040520D2800D901BE054B000103447E
:105B2000D3F8002422F00042C3F80024704700BFDD
:105B30000010405238B50D4D0446D5F8903343F06F
:105B40000803C5F89033D5F894335A0708D454B1F4
:105B5000012009F0B9F9D5F89433013C5B07F6D57B
:105B60000CB1002038BD024838BD00BF00104052C3
:105B700002004A00044AFA20D2F8703343F000438E
:105B8000C2F8703309F0A0B90010405243681F2BCF
:105B900000D901BE83680F2B00D901BE0E49D1F890
:105BA0006033002B16DBD0E901231B0202F01F0239
:105BB00003F4706310B41343084CC1F86433216AD2
:105BC000037B074A0B43236203685DF8044B002004
:105BD0001360704703487047001040520030405235
:105BE000B47D033403004A0038B5164DD5F8603350
:105BF000002B1CDBD5F8603343F00043C5F860335D
:105C0000D5F8683303F00303032B0ED0044608B91C
:105C10000BE074B1012009F057F9D5F86833013C65
:105C200003F00303032BF4D11CB1002038BD064858
:105C300038BD044A0548D2F8603323F00043C2F867
:105C4000603338BD0010405203004A0002004A0091
:105C5000014B1860704700BFB47D0334704700BF2C
:105C600003290AD8052825D8134B01F0070100F5B0
:105C7000906043F820100020704740F2111321F08B
:105C800002029A4214D001BE052813D8FF29EBD98D
:105C90000722800000F1A44000F5800000F5805349
:105CA00001F01F01C0F800110020C3F80022704766
:105CB0000528EDD9014870470000405201004A0014
:105CC000052801D901BE01BE800000F1A44000F505
:105CD000800000F58053D3F8003203F00702072A52
:105CE0009BB208D05B0724D4013A022A38D8DFE8F7
:105CF00002F02419220040F21112D0F8003103F012
:105D00001F0343F48073934220D040F21312934256
:105D100016D0B3F5887F0CD1124BD3F88003C00F97
:105D2000C00370470F4BD3F8683303F00303032B12
:105D300013D0002070470C4870470C4B1868704710
:105D4000084BD3F87003C00FC0037047054BD3F85E
:105D50009403C0F38000C0037047054B1868704778
:105D6000044870470010405200127A00B87D033496
:105D7000B47D033480F0FA022DE9F0431C2227247D
:105D8000002523264FF00F094FF028084FF0200E72
:105D90004FF02C0C24270B680128C3E9098EC3E9B6
:105DA0000EC7C3E90455C3E90B46C3E91322C3F880
:105DB00018901D629E651C645C655A6401D901BE21
:105DC00001BE5C4B40010344D3F80026002AC0F218
:105DD000AE800A6891784C1E0F2C00F2A580547892
:105DE000651E0F2D00F2A0801678A6F11005EDB209
:105DF000B82D00F299801579022D00F08D8041F2C6
:105E0000086E41F20C67090441EA0421547B3143D6
:105E1000167BE40744EA0674966841F2106C26F09B
:105E20007F463443D67892F8178041EAC661C3F8BA
:105E30000016917DC3F80446547D090741EA0461C8
:105E4000146900F1A440C4F309042143147D41EA1C
:105E5000C871240404F4E02400F58000214340F8D4
:105E60000E10116A92F81CE0090501F4401141EA94
:105E70004E3E916941F21466C1F30A014EEA0101F6
:105E8000C151916AD76AC901BF0307F47C2701F4A5
:105E9000FC513943576A41F2186407F03F07394310
:105EA000176B7F0507F0FC673943576B3F0707F017
:105EB000E047394340F80C10D16B176CC901BF03A0
:105EC00007F47C2701F4FC513943976B07F03F0737
:105ED0003943576C7F0507F0FC673943976C3F07E0
:105EE00007F0E04739438151116D566DC901B60382
:105EF00006F47C2601F4FC513143D66C06F03F06D3
:105F00003143D2E916767A0502F0FC620A43310782
:105F100001F0E0410A430251D3F80026002065F366
:105F20001D72C3F8002600E00348BDE8F083034873
:105F3000BDE8F0830010405201004A0003004A000F
:105F4000012838B5044600D901BE0B686022002143
:105F5000184602F073F8034600201A4D62011544FA
:105F6000D5F8001641F2086CC1F304245C70C1F34B
:105F700004449C70C1F3017419701C71D5F8044677
:105F8000C1F3C06114F0E04FD97014BF0121014684
:105F900002F1A442197324F07F41996002F5800256
:105FA00052F80C20E40FC2F302415C73D4B21C61BE
:105FB0001975C2F30064C2F30071D20F5C75997554
:105FC000DA7538BD00104052012870B50C4600D972
:105FD00001BE41F21C621F4E45012E44D6F8003628
:105FE00005F1A44543F00043C6F8003605F58005E9
:105FF000AB58D9070BD454B1154400E0B4B101201B
:1060000008F062FF2B68013CDB07F7D574B1D6F8C6
:10601000003603F04053B3F1005F05D1D6F80036E7
:1060200043F04053C6F80036002070BDD6F8003665
:10603000012023F0405343F00053C6F8003608F027
:1060400043FFD6F80036044823F00043C6F8003674
:1060500070BD00BF0010405202004A002DE9F0411F
:10606000012804469AB01AD901BE02AB6022002171
:10607000184601F0E3FF0022034669462046CDE9B9
:106080000032FFF75DFF01BE1E4A04F1B0035B0161
:10609000D358002B12DB00201AB0BDE8F08102AB10
:1060A00060220021184601F0C9FF0022034669461C
:1060B0002046CDE90032FFF743FFE5E700990B7971
:1060C000022BE8D04D78002DE5D08E78002EE2D05E
:1060D00020460F78D1F80880FFF7F2FD01463C0614
:1060E00014EB0804A4FB00044FEA172747F100074C
:1060F000A5FB062301FB074108F03EFD000E40EA28
:106100000120C9E700004052012840F2DA8001BEB8
:1061100001BE6F4A80010244D2F80038002BC0F261
:10612000D4802DE9F0434B681C78E11FC9B2F229F5
:1061300000F2C4805D78072D00F2C08099780729AD
:1061400000F2BC8093F803C0BCF1020F00F0AD80F8
:1061500041F60808090341EA052121431C7941F66B
:106160000C0741EAC471C2F80018197B93F80D902E
:1061700049054FEA096901F4600109F0706941EAD3
:106180000909996800F1A440C1F3140149EA010129
:10619000C2F8041893F80F90997B00F5800041F63F
:1061A000100641EA497140F80810597C93F81280B2
:1061B00041F6140549014FEAC82808F4605801F473
:1061C000787141EA080193F8108041F6180408F04C
:1061D0001F0841EA080193F8138041F61C0E4FEAAC
:1061E000084808F4702841EA080193F814804FEA3F
:1061F000085808F4E00841EA080193F815804FEACE
:10620000C85808F0F06841EA080193F816804FEA90
:10621000C86808F0F04841EA0801C151D97D1F7EE5
:1062200093F8198001F01F017F0107F4787741EAA4
:10623000083139438151D96993F82760415193F866
:10624000281093F82550090441EA460193F8246088
:106250002D0645EA06551E6AC6F31206354305515A
:1062600093F82640214393F8294041EA045140F82D
:106270000E1093F82A1093F82B4001F0070141EA21
:10628000C40193F82C4000F5C15041EA041193F881
:10629000304041EA447193F8314041EAC471DC8DE9
:1062A0000C4B03EA04430B430360D2F80038002090
:1062B0006CF31D73C2F80038BDE8F0830648BDE8F2
:1062C000F08300283FF425AF22E70448704700BF61
:1062D000001040520000FF1F01004A0003004A0066
:1062E0002DE9F84F044600B101BE4B68342200216D
:1062F000184601F0A3FE0025034641F6080B41F6BF
:106300000C0AAE4641F6100941F614084A4EA201A5
:106310001644D6F80018AC46C1F30224284661F3AF
:10632000070564F30F25C1F3023464F31745C1F385
:10633000017464F31F651D60D6F80448C90F197114
:10634000C4F31401996002F1A442C4F34251C4F3AE
:10635000036419735C7302F5800252F80B4052F823
:106360000A10364F4D0961F3070E65F30F2ECD0A63
:1063700065F3174E0D0C65F31F6EC1F302551D75C5
:106380000EEA0707C1F3C355C1F3C3615D751F6111
:10639000997552F8091002F5C15601F01F05DD7517
:1063A000C1F344151D7652F80850C1F30031DD6188
:1063B00041F6180555595976C5F31201196241F68F
:1063C0001C015158326801F0010666F3070CC1F355
:1063D000400666F30F2CC1F3004666F3174CC1F379
:1063E000005161F31F6C04F001019973C5F3005172
:1063F00083F82410C4F34074C2F3C001DC7383F843
:106400002B1002F00704C2F30C4183F82A40D9850F
:10641000C2F30014C2F34071C5F30065D20FC3F894
:1064200026C083F8255083F82C4083F8301083F879
:106430003120BDE8F88F00BF001040521F1F070F2A
:1064400070B50C4600B101BE41F61C021E4E85011E
:106450002E44D6F8003805F1A44543F00043C6F8B1
:10646000003805F58005AB58D9070BD454B1154455
:1064700000E0B4B1012008F027FD2B68013CDB07E8
:10648000F7D574B1D6F8003803F04053B3F1005F8C
:1064900005D1D6F8003843F04053C6F80038002044
:1064A00070BDD6F80038012023F0405343F000536C
:1064B000C6F8003808F008FDD6F80038034823F085
:1064C0000043C6F8003870BD0010405202004A0078
:1064D000F0B5044691B0C8B101BE03AB342200212F
:1064E000184601F0ABFD0022034601A92046CDE984
:1064F0000123FFF7F5FE01BE214A04F160039B0171
:10650000D358002B10DB002011B0F0BD03AB0146C7
:106510003422184601F092FD034601A92046CDE938
:106520000143FFF7DDFEE7E7029BDA781F785E782C
:106530009D78022A07F1010706F1010605F1010520
:10654000E1D0A01C9968FFF7BBFBA6FB052304461E
:1065500029B900FB07F008F00FFB11B0F0BD78057A
:106560004018A0FB04014FEAD72747F1000704FBBE
:10657000071108F001FB400D40EAC12011B0F0BD49
:1065800000004052052802D901BEFFF799BB014621
:1065900008B5FFF795FB022907D807D00B4A01F190
:1065A000B0035B01D358002B0ADB08BD084BD3F8BE
:1065B0000038002BF9DABDE808400020FFF788BF5B
:1065C0000846BDE80840FFF749BD00BF0000405243
:1065D000001040520D2810B513D80F4B00F59260F3
:1065E00053F82040C4F3032401340B4B53F820002C
:1065F00000F00F00FFF7C6FF00EB5400B0FBF4F013
:1066000010BD01BE044B00F5926053F82040C4F366
:106610000324013401BEE8E70000405238B50546C6
:106620000C4688B19CB128680D2801D901BE2868A4
:10663000FFF7D0FF2B7907EE900A042B67D8DFE82D
:1066400003F06F695F66080001BE002CEBD101BE4C
:10665000E9E79FED397AA268F8EE677AC82A01D88F
:1066600001BEA2686168531E994201D301BEA268AF
:10667000E368C7EE276A033307EE903AF8EE677ACD
:1066800067EEA67AFDEEE77A17EE903A21689B1A3C
:10669000994200DA01BE2B680D2B44D8274829798E
:1066A000D0F8002541F2084561F302020146C0F826
:1066B00000251B0119442068D1F80024013860F33B
:1066C0000F02C1F800246068D1F80424013860F397
:1066D0000F02C1F80424D1F80424A06892B2013852
:1066E00042EA004203F1A443E06803F58003C1F8E5
:1066F00004245A59411E61F30F0200205A5138BD3B
:106700000E4BD3F8683303F00303032B0DD09FED3A
:106710000C7AA0E70B4B93ED007AB8EE477A9AE734
:106720009FED097A97E7094838BD094B93ED007A48
:10673000B8EE477A8FE700BF20BC3E4C00104052B5
:1067400000000000B87D03340024F44A01004A0030
:10675000B47D033430B587B004460191E0B12068C0
:106760000D280CD802ADFFF735FF237906EE900A0D
:10677000042B65D8DFE803F04E535D64120001BEC0
:106780000023206802AD0D28C5E901330293EB60B8
:10679000E9D9334807B030BD01BEE0E7DFED317A1B
:1067A000DFED315AF8EE666ADFED304A85EEA64A33
:1067B000C4EE846AFCEEE66A16EE903ADA1C06EE47
:1067C000902A9DED017AF8EE666ABBEEEF7AB0EEA4
:1067D000006AE4EE267AE7EE067AB0EE645AF0EE4E
:1067E000645AFCEEE77AA7EE465AE7EE065A05939E
:1067F00017EE903ABCEEC55AFCEEE55A0133294635
:1068000020468DED035ACDED045A0293FFF706FFA3
:1068100007B030BDDFED167ADFED165AC2E7164B32
:10682000DFED167AD3ED005AF8EE655A65EEA77AD9
:10683000B8E7134BD3F8683303F00303032B04D0FA
:10684000DFED107AF0EE675AACE70F4BDFED0B7A15
:10685000D3ED005AF8EE655A65EEA77AA2E700BFBD
:1068600001004A0000409C4520BC3E4C00004843CB
:10687000000048440024F44AB87D033417B7D138E7
:106880000010405200000000B47D0334022810B50F
:106890002DD816D10020184C80010444D4F80038BB
:1068A000012023F0405343F00053C4F8003808F0AF
:1068B0000BFBD4F80038002023F00043C4F8003864
:1068C00010BD0D4C40010444D4F80036012023F0E3
:1068D000405343F00053C4F8003608F0F5FAD4F8FA
:1068E0000036002023F00043C4F8003610BD01BE7E
:1068F000023801BECFE700BF001040520228034615
:106900000A4606D803D11146981EFFF7FDBBFFF7D4
:1069100033BA01BE1146981EFFF7F6BB02280346A4
:106920000A4606D803D11146981EFFF789BDFFF726
:106930004BBB01BE1146981EFFF782BD30B510F467
:106940007F0F8BB0C0F3072314D1092B24D8EC465A
:10695000134C0AAA02EB830E0FCCACE80F000FCC4D
:10696000ACE80F0094E803008CE803005EF8280C04
:106970000BB030BD052B0FD8EC460A4D0AAA02EB2E
:1069800083040FCDACE80F0095E803008CE803000A
:1069900054F8280C0BB030BD4FF0FF300BB030BDB9
:1069A000842C10186C2C10182DE9F041030C13F0F6
:1069B000FE0F04460D46174684B0C0F30726C0F309
:1069C000074800D001BEB8F1000F14BF06230A2308
:1069D000B34200D801BE002320460293FFF7AEFF6A
:1069E000034685B3012D59D0022D5FD0032D40F011
:1069F0008A80B8F1000F02D1012E00F08E8001BE16
:106A0000013329D0FFF7E6FD06464FF0000803AB3F
:106A10003A4629462046009302AB2024CDF80C804C
:106A2000FEF794FDDDE902324146013302EB4312E9
:106A30005008E6FB0401434608F09EF8064630463F
:106A400004B0BDE8F081B8F1000F41D0B8F1010FFA
:106A500007D001BE013310D10026304604B0BDE896
:106A6000F081023E012EF4D8002FF2D1591CF3D050
:106A70001846FFF7AFFD064602E0FFF7ABFD0646FE
:106A80003A4629462046FEF775FC013006EB5006D3
:106A9000B6FBF0F6304604B0BDE8F081B8F1000F67
:106AA000D7D1012E46D0082EDED0D2E7B8F1000FA4
:106AB00018D0B8F1010F01D1012E3ED001BE013333
:106AC000CAD0FFF787FD0646AB1E012BC5D89CE751
:106AD000013E082E17D8DFE806F0272412121616FA
:106AE00016161200012E22D0072EE7D1002FE5D175
:106AF000581CB1D01846FFF76DFD064685E7002FFC
:106B0000B4D001BEB2E701BE5A1CA5D01846FFF7AB
:106B100061FD012D0646D7D8B2E7002F3FF470AFD4
:106B20006DE7032FA2D9ECE7042F9FD9E9E7012FE6
:106B3000C4D8DDE7032F8CD898E7022FBED8D7E75B
:106B4000072910B41BD8072A1CD8436C8900CB40F6
:106B500013F0070318D1046F24FA01FC0CF00F0C9A
:106B6000BCF1080F15D04FF00F0C426F0CFA01F179
:106B700022EA010213435DF8044B4367704701BEEC
:106B8000072A03D801BEE0E70023ECE701BE01BEFF
:106B9000DBE702F00F0202FA01F3E4E7002800F05D
:106BA00040822DE9F84F1446002A00F03C82072964
:106BB0000D4600D901BE2368012B00D901BE6368D0
:106BC0000F2B57D9802B00D001BE237A1F2B00D961
:106BD00001BEE368032B00D901BE2369012B00D954
:106BE00001BE6369012B00D901BE236A012B00D9C4
:106BF00001BE636A012B00D901BEA36A012B00D933
:106C000001BEE36A032B00D901BE236B072B00D919
:106C100001BEE3691F2B00D901BEA36B072B00D96E
:106C200001BEA369072B00D901BE072D00D901BE03
:106C300000F12D4303F5FE03DB09BC4A03F1A56314
:106C400003F580731B0190421E4618D0803290429B
:106C500015D08032904212D0B54A904200F0CF81D8
:106C60008032904200F0CB818032904200F0C781A8
:106C70009C4611E023F00803012BA5D0A5E74FF0B7
:106C8000000C00F12B42AB4902F53902A2EB0C02D9
:106C900001EBD2120CEB021C01270722DCF800806A
:106CA000D4F81890A900AF4009EA020E28EA0708B4
:106CB0008A40072DCCF800806FEA02026FEA0708CD
:106CC0000EFA01FE40F23A8101BEB9F1010F00D97E
:106CD00001BED0F864C00CEA020242EA0E0242662B
:106CE000E26901BE1F2A00F284814FF01F0EA5F158
:106CF000040C4FEACC0C02F01F020EFA0CFE02FA52
:106D00000CF2D0F86CC02CEA0E0C4CEA0202C266FF
:106D100094F808C001BEBCF11F0F00D901BE834A20
:106D2000904214D08032904211D0803290420ED0E6
:106D30007F4A904200F066818032904200F062818A
:106D40008032904200F05E81A3F580520CE04FF05B
:106D5000000900F12B42784B02F53902A2EB09023F
:106D600003EBD21E09EB0E12032D63680CF01F0C0F
:106D700000F2C5804FF01F09D2F800E04FEAC50BC2
:106D800009FA0BF90CFA0BFA2EEA090C4CEA0A0C78
:106D9000C2F800C00F220F2B02FA01F26FEA0202C2
:106DA00040F29E80802B00F0EC8001BED0F844C001
:106DB000D0F870E00CEA020C0EEA020203F00F03B6
:106DC0008B4043EA0C0343640323D4F80CC04FEA1E
:106DD000450E0267082D0CEA030203FA0EF36FEA70
:106DE000030302FA0EF26DD901BEBCF1030F00D904
:106DF00001BED0F840C00CEA0303134303642369C7
:106E000001BE012B55D901BE826903F00103AB40DD
:106E100002EA08021343072D8361636950D8012BEE
:106E200000D901BEA26A03F0010C636A92005B0004
:106E300002F0040203F002031343826C0CFA05FC17
:106E400002EA08024CEA02028264226A01F47E71BC
:106E500002F001021343E26AD20002F01802134367
:106E6000226B5201D2B21343026D8B4022F0FF021B
:106E7000134303652946A26BFFF762FE072D2368C3
:106E800009D901BE012B09D901BE636B8760012BB3
:106E900000F28A808FE0012B00F28180002B40F00D
:106EA000AC804760636B012B7ED8072D00F2838096
:106EB00082E08269AB4008EA02021343836163699E
:106EC00001BEACE7BCF1030F00D901BED0F840C051
:106ED0000CEA0303134303642369012B93D893E75C
:106EE00023F0080CBCF1010F3FF45FAFD0F844C0B1
:106EF000D0F870E00CEA020C0EEA02025EE74FF0F6
:106F00001F0AA5F1040E4FEACE0E0CFA0EF9D2F8C4
:106F100004C00AFA0EFE2CEA0E0C4CEA090C072DEE
:106F2000C2F804C07FF636AF01BE33E70000475415
:106F300000004B540065440500644405B9F1010F9D
:106F400000D901BED0F864C00CEA020242EA0E0287
:106F50004266E2691F2A4ED8032D94F808C002F059
:106F60001F0E66D84FF01F09826E4FEAC50A09FA54
:106F70000AF90EFA0AFE22EA090242EA0E028266C3
:106F8000C9E64FF0080C436CD0F870E013400EEAED
:106F9000020E0CFA01F213434EEA020213E701BE9D
:106FA000636B8760012B07D901BE072D636B00D986
:106FB00001BE1F2B00D901BE264A904225D0803247
:106FC000904222D0803290421FD0234A90422DD04E
:106FD000803290422AD08032904227D0326803F02B
:106FE0000103AB4008EA0202134300203360BDE80E
:106FF000F88F01BE79E601BEAEE7876052E74FF435
:10700000802C3EE64FF48029A3E6002600F12B40B9
:10701000124A00F53900801B02EBD01206EB021673
:10702000DCE70F4870470E48BDE8F88F4FF4802624
:10703000ECE71F22A5F104094FEAC9090EFA09FE7F
:1070400002FA09F9C26E22EA090949EA0E02C26689
:1070500061E600BF0000475400004B540065440542
:1070600001005A00F8B540F2066240F23F2640F2B5
:10707000076440F20F6040F20F21234B234D9A60CA
:10708000DA601A615A619E61DE611C615C6118619F
:10709000586119615961D5F8143C23F0030343F09A
:1070A0000203C5F8143CD5F8203C002B0BDB184C30
:1070B00000E03CB3012007F007FFD5F8203C013C7D
:1070C000002BF6DAF4B140F2433740F206263F25B2
:1070D00040F2423440F2022040F20B211B224FF0DA
:1070E0000A0C094B1F605F609E60DE609D61DD6180
:1070F000C3F820C01C605C609860D8601961596159
:107100009A61DA61F8BD00BF004040520010405261
:10711000A0860100F8B540F2076040F2066140F237
:10712000046240F23D6640F22D644FF00F0C0B27D5
:10713000234B244D9860D860186158619E61DE61D0
:10714000C3F820C09960D960196159619C61DC6104
:107150001F629A60DA601A615A61D5F8143C23F014
:107160000303C5F8143CD5F8203C002B0BDB164C70
:1071700000E024B3012007F0A7FED5F8203C013C35
:10718000002BF6DADCB10F4DD5F8283C23F00103D3
:10719000C5F8283CD5F8203CDA070BD40A4C00E0AF
:1071A0006CB1012007F090FED5F8203C013CDB07D4
:1071B000F6D524B140F22D22014B9A61DA61F8BD77
:1071C0000040405200104052A086010008B5052141
:1071D000084800F0F3F80221074800F0EFF8022118
:1071E000064800F0EBF8BDE808400521044800F02F
:1071F000E5B800BF00104152000022520010225298
:1072000000502252014800F0CDB800BF001041529A
:107210002DE9F041072806460D4682B000D901BE8F
:107220006B1E012B41D9042D1CD0082D00D001BEAE
:107230002D4B53F826301C465B69002BFBD10020F8
:10724000A3681D4208D1E3682946D3E90062684675
:107250002368CDE9006298472469002CF0D102B080
:10726000BDE8F081204B53F82640002C39D0002097
:107270001E4FDFF88080A3681D4209D1E3682946CC
:10728000D3E900C268462368CDE900C298473C6054
:1072900064699CB14045EED1012DECD1134A144BE9
:1072A0001268144843F82620D9E70F4B012D53F8F4
:1072B00026400FD1002CDAD1204604E0012DCED19A
:1072C0000C4B9842EAD00022094B43F8262002B02A
:1072D000BDE8F081054B18680028C0D00469002C77
:1072E000ADD12046BBE700BFE07D0334BC7D033455
:1072F000C07D0334FF00420038B51C4CE36923B164
:1073000001210720FFF784FF48BB07F001FEE36976
:1073100005461BB104210720FFF77AFF144BD3F871
:10732000142C920712D0D3F8143C03F00303012B62
:107330000AD0284607F0C0FDE3691BB108210720E9
:10734000FFF766FF002038BDFFF7E4FEFFF78AFE77
:10735000284607F0B1FDE369002BEFD1F2E70221E7
:107360000720FFF755FF034838BD00BFE07D033419
:1073700000104052FF0042008022034610B404680F
:10738000D0F80802C4F3813CC0F3080022FA0CF2E2
:10739000904214BF012000205DF8044B18BFC3F8D1
:1073A0004012704708B100F08DB801BE00F08AB8F5
:1073B00008B100F07DB801BE00F07AB808B538B168
:1073C0000A2900D901BEC9B200F060F8002008BD4A
:1073D00001BEF5E7082819D8082901D901BE01BE68
:1073E000000100F1A44202F582025068536880B2A5
:1073F0001B0CCB405B00C84003F0020300F001000F
:107400000343023B012B06D90848704701BE0829F7
:10741000E5D901BEE2E7012310B414688B40234391
:1074200000205DF8044B1360704700BFFF0042006E
:10743000082819D8082901D901BE01BE000100F1B0
:10744000A44202F582025068536880B21B0CCB4004
:107450005B00C84003F0020300F001000343023B5D
:10746000012B06D90848704701BE0829E5D901BE9D
:10747000E2E74FF0010C13680CFA01F123EA010373
:1074800000201360704700BFFF00420068B10A2966
:1074900000D901BE036823F00F030B4343F480734C
:1074A00003608368DB05FCD5704701BEEFE700BFD2
:1074B00018B1806800F00F00704701BE806800F0CE
:1074C0000F00704718B1006800F00F00704701BE50
:1074D000006800F00F007047002800F0428100298A
:1074E00000F03F81F0B50B78022B00D901BE4B7B39
:1074F000023B062B00D901BE8B7B1BB1023B012B4B
:1075000000D901BE91F82130012B00D901BE91F8BC
:107510002830012B00D901BE0B78012B40F2FD80F1
:107520008B7F23B14B68013B062B00F2FB808B68FD
:10753000053B042B00D901BE4B69FF2B00D901BECE
:107540008B69FF2B00D901BE8B7C23B10B78002BFC
:1075500000F0098101BE8B6B23F4366323F00D0329
:1075600003B101BE0B6C23F4EE6323F0030303B1FC
:1075700001BE0B78022B00F0EF804B68013B03F05B
:107580000F030C7F4E6B43EA04438C68082C94BFB6
:1075900000250125802443EA853343F0007303600E
:1075A0000368C3F3813324FA03F39E4200D301BE80
:1075B00080230468CD6BC4F38134E3409D4200D343
:1075C00001BE802304684D6AC4F38134E3409D42C8
:1075D00000D301BE91F800C08D7C4FEA0C6303F02C
:1075E000407303644B7FCC6A9B0143EA85230D7C87
:1075F00091F80DE043EA05234D7C0EF1FF3E43EA8E
:107600004523651E2D0405F470252B438D7B0EF05C
:10761000070E2D0143EA0E0305F030052B4383646A
:10762000836C91F830600F7B43EA06638364CB7B05
:107630003F02002B40F08D80ACF10206B6FA86F6D0
:10764000760976028B68013B03F01F033B431E4320
:10765000C0F800638E690F7D360406F47F063E4352
:10766000C0F81063D0F8006306F01F060336B4427A
:107670005AD3102C58D8ACF1010CBCFA8CFCCC7F3E
:107680004FEA5C1C0CB14FEA0C244EEA050E4EEAA0
:107690000404446491F8344043EA0C43C0F80032D7
:1076A000C0F8044391F821C091F82860ACF1010CB6
:1076B000BCFA8CFCA6F10106B6FA86F691F82040D9
:1076C00091F8243040F66D3543EA446340F2737418
:1076D0004FEA5C1C760943EA0C6343EA06438F6B6E
:1076E00003650B6C3D40234091F83C40C0F80442D8
:1076F000C0F8C85FC0F8883F6AB10023887F1E4980
:10770000536082F830001360916313629360D3601A
:10771000D361D36253630020F0BD4B68083B082B54
:107720007FF605AF01BE02E701BE8B6891F80DE060
:107730008D7B0C7B013B0EF1FF3E2D0103F01F03FF
:1077400091F800C00EF0070E05F0300543EA04235F
:1077500091E74FF4007675E78B7F002B3FF411AF74
:107760000BE7064870478B68092B7FF4F3AE8B7BE1
:10777000002B3FF4F0AEEDE6EFCDAB000160AA00C8
:10778000054A136823F0404343F0804313601368B5
:1077900043F000431360704700C04052184B9842BA
:1077A00007D003F58023984203D0A3F544339842D1
:1077B00002D14FF08060704703F580239842F8D0E3
:1077C00003F5CF1303F58053984205D00D4B984233
:1077D00005D14FF4002070474FF4A000704703F527
:1077E00080339842F5D0A3F54C339842F1D003F59D
:1077F0008053C01AB0FA80F04009C004704700BF3F
:1078000000404554004023522DE9F04F87B09DF8C9
:1078100044400746002C0CBF20260826B1FBF3F09D
:10782000019403FB06F4B1FBF4F8B0FBF6F1B2FBF4
:10783000F3FA06FB1101A6EB010BDA45109D029449
:1078400012D80AF1FF398944B9FBF6F206FB129906
:1078500000220392059297B1019AA2B18945C0F026
:107860009A800F24042013E00BFB13220392029A48
:1078700006F1FF3908FB02220592002FECD101BE70
:10788000019A002AEAD189454FF0010473D32046BA
:107890004FF0000EF44600FB01F2049604FA02F6E3
:1078A00001314CEA060C894505FA02F64EEA060E4D
:1078B0000244F3D2019A6FEA0C0C049E002A5FD0B6
:1078C000C7F81082D7F8182202EA0C0242EA0E0228
:1078D000C7F81822DA454BD9029A0599B1FBF2FA9A
:1078E00003999142B1FBF3F3B1FBF2FB3BD307B930
:1078F00001BED1464FF000080493002319469C4670
:107900001A4604FA03FE01324CEA0E0C964205FABE
:1079100003FE41EA0E010344F3D1019B53B108F188
:107920000108C345C7F81092C7F818120FD90AEB1F
:107930000809E2E7C7F80C91D7F8103108F10108FF
:1079400023EA0C030B43C345C7F81031EFD8DDE938
:1079500002120BF1FF3B8A4238BF4FF0000B0AF1D5
:10796000010A049BDA44B3FBF6F206FB1233CBB9EF
:1079700007B0BDE8F08F4FF0FF3C2046DDF804E093
:10798000C7F80C81D7F8102102EA0C0242EA0E0275
:10799000C7F810219EE74FF0FF3C0F2404204FF062
:1079A000000E8DE737B3002294461646114604FABE
:1079B00002FE013146EA0E068B4205FA02FE4CEA4F
:1079C0000E0C0244F3D1019BF6434BB1C7F810A251
:1079D000D7F81832334043EA0C03C7F81832C7E728
:1079E000C7F80CA1D7F81031334043EA0C03C7F8AD
:1079F0001031BDE701BED6E770B504461E4682B021
:107A0000002853D02046FFF7C9FE8B18834249D87F
:107A1000002A47D0002845D00120D4F80C3203F0CA
:107A20000F03053300FA03F35D1E41EA020005402F
:107A300038D1D4F80C020028B8BF42F2107C03DB26
:107A400006E0BCF1010C33D0D4F80C020028F8DBBE
:107A5000707896F802C0012802D9BCF1030F21D832
:107A60003678072E1ED840EA4C00C4F81462009005
:107A700001200190D4F80062D4F8000220F4807054
:107A8000C4F800022046FFF7BFFE2846D4F80032B3
:107A9000F20554BF23F4807343F48073C4F80032BA
:107AA00002B070BD034D284602B070BD01BEA9E70B
:107AB000014DF8E70100820102008201036821B94B
:107AC00023F0010303600020704743F001030360CB
:107AD00000207047214BF0B4984227D0204B9842A9
:107AE00027D101F17043A32B23D801231D4801F0B6
:107AF0001F041D4E00EA51111C4D1D48A34017796B
:107B000050F8214000EB8100890027BB24EA0304E0
:107B1000046050796A58C0B922EA03026A50725868
:107B200022EA030272500020F0BC7047B1F59F7F3B
:107B300002D9F0BC0F487047012301F01F040E4E1C
:107B40000E4D0F484909A340D9E71A436A507258AD
:107B50001A437250E7E71C43DAE700BF0000025205
:107B600000000254FFFF7F0700400254002402542B
:107B700000200254010086010040025200240252FB
:107B80000020025210B40E4C0346A04210D00D4803
:107B9000834210D101F17040A3280CD821F080510C
:107BA00001F5806100205DF8044B43F82120704707
:107BB000B1F59F7FF4D904485DF8044B704700BFCE
:107BC000000002520000025401008601012B2DE941
:107BD000F0411E4604460D46904600D901BE194BA1
:107BE000234003B101BE174B2B40B3F1804F00D0AF
:107BF00001BE84EA050717F4F85703D0124F384640
:107C0000BDE8F081E4B207F083F9C5F3042144EA4A
:107C10000822EC034CBF01F5A81101F5A411EBB249
:107C2000203103EB01239B001968760206F40076ED
:107C30006FF3090132430A431A6007F03DF93846F1
:107C4000BDE8F08100E0FEFF0100CE00002070479B
:107C500008B500F00FFB582203464FF0FF301A60C2
:107C600008BD00BF08B500F005FB5823036001BE46
:107C70004FF0FF3008BD00BF08B500F0FBFA5823F5
:107C8000036001BE4FF0FF3008BD00BF08B500F033
:107C9000F1FA5823036001BE4FF0FF3008BD00BF6A
:107CA00008B500F0E7FA5823036001BE4FF0FF303B
:107CB00008BD00BF08B500F0DDFA5823036001BE1F
:107CC0004FF0FF3008BD00BF062008B500F03AFABB
:107CD000012006F02FFA00BF08B50021044600F08D
:107CE000ADFB034B1B6803B19847204606F022FA10
:107CF000407F0334024A0349034800F0C9B800BF7B
:107D00009075033435AA1018A07503340C4B4168E4
:107D1000994210B5044601D002F08CFEA168094BCF
:107D2000994202D0204602F085FEE168064B994256
:107D300004D02046BDE8104002F07CBE10BD00BF5C
:107D4000087E0334707E0334D87E03342DE9F84373
:107D5000314A0025314C04233149DFF8D89004F131
:107D60005C00DFF8D4802F4F2F4E11602946082287
:107D700025606566C4E90335C4E90155C4E90555C4
:107D800000F05CF904F15800E662C4E90749C4E96F
:107D9000098700F09DFA254B2946082204F1C4000A
:107DA00063672567C4F8CC50C4F88050C4E91A55FD
:107DB000C4E91E5500F042F904F1680304F1C00063
:107DC000C4F88430C4E92298C4E9247600F080FA2B
:107DD000174B294604F596700822C4F8DC30C4F825
:107DE000D850C4F83451C4F8E850C4E93455C4E953
:107DF000385500F023F904F1D00304F59470C4F869
:107E0000F090C4F8FC60C4F8EC30C4E93D87BDE8EC
:107E1000F84300F05DBA00BF407F0334087E0334AE
:107E2000F57C10180D80101835801018090001001D
:107E300012000200A97F1018CD7F101810B504465B
:107E40000A4800F049FA636B23B9094B094A1B68D9
:107E5000626323B10548BDE8104000F03FBAFFF768
:107E600075FF0248BDE8104000F038BA507F033477
:107E7000407F03340D7D1018014800F02DBA00BF7B
:107E8000507F0334014800F029BA00BF507F03340B
:107E90002DE9F8434FF00009074688461646D6E913
:107EA0000154013D0FD4A389012B08D9B4F90E3038
:107EB00021463846013302D0C04749EA0009013D56
:107EC00068346B1CEFD13668002EE8D14846BDE817
:107ED000F88300BF0FB4084900B583B0086804AB4D
:107EE000816853F8042B019300F01AFF03B05DF88A
:107EF00004EB04B0704700BF9C75033430B50546F1
:107F000089B008460C4600F061FA224B0122049425
:107F1000069304AB81180792019302226B6BAC6845
:107F20000590CDE902216BB3636EB4F90C20D8073C
:107F300001D491051FD5900405D442F4005223F4D6
:107F40000053A2816366990420D401AA21462846E1
:107F500002F096FE636EC8B90A25DA0702D4A38937
:107F60009B0502D5284609B030BDA06D00F0B6F9DA
:107F7000284609B030BDA06D00F0AEF9B4F90C2070
:107F8000636ED8E72846FFF759FFCDE74FF0FF357E
:107F9000E3E700BFF80D1018024B01461868FFF721
:107FA000ADBF00BF9C75033410B50C46B1F90E107F
:107FB00000F01CF9002803DB236D0344236510BD8A
:107FC000A38923F48053A38110BD00BF2DE9F041A4
:107FD0000C46B1F90C101F460546CB0516460BD4CE
:107FE00021F480513B4632462846A181B4F90E1057
:107FF000BDE8F04100F028B9B4F90E1002230022C8
:1080000000F0DEF8B4F90C10EAE700BF10B50C463A
:10801000B1F90E1000F0D4F8421CB4F90C3004D0C1
:1080200043F480532065A38110BD23F48053A381C2
:1080300010BD00BFB1F90E1000F0B0B870B58607E2
:1080400047D0541E002A3ED0CAB2034601E0013C8C
:1080500039D303F8012B9D07F9D1032C2CD9CDB2CC
:108060000F2C05EB052505EB054535D9A4F1100CC2
:1080700003F1100E1A462CF00F064FEA1C1CB644F2
:10808000C2E90055C2E9025510327245F8D10CF12F
:10809000010214F00C0F04F00F0C03EB021213D0CA
:1080A000ACF1040323F003030433134442F8045BEC
:1080B0009342FBD10CF003042CB1C9B21C4403F869
:1080C000011BA342FBD170BD64461346002CF4D1C2
:1080D000F9E703461446C0E71A46A446E0E700BFA6
:1080E00040EA01039B0730B501D1032A17D8844623
:1080F00001F1FF3E07E01EF8011F541E03F8011BAB
:1081000029B122469C466346002AF4D130BD002C9A
:10811000FCD0944403F8011B6345FBD130BD0C46F1
:108120008446256821460434A5F1013323EA05037A
:1081300013F0803FDCD1043A4CF8045B032AF0D8FA
:108140002146D5E738B51F28134B1D681ED8D5F832
:108150003821044662B152F820304BB1012B05D0D2
:10816000591C0FD0002142F820109847002038BD3C
:10817000284600F067F8224601462846BDE8384008
:1081800000F04AB8162301202B6038BD16234FF0AB
:10819000FF302B6038BD00BF9C75033438B500221A
:1081A000064D044608462A60FFF75CFD431C00D0DC
:1081B00038BD2B68002BFBD0236038BD447F0334CF
:1081C00038B50C4684461146074D1A460023204612
:1081D00064462B60FFF750FD431C00D038BD2B6870
:1081E000002BFBD0236038BD447F033438B50C46E8
:1081F00084461146074D1A460023204664462B60EC
:10820000FCF722FA431C00D038BD2B68002BFBD0B2
:10821000236038BD447F033470B50C460346084DD7
:108220000026204611461C462E60FFF743FD431CE6
:1082300000D070BD2B68002BFBD0236070BD00BF49
:10824000447F0334FFF722BD38B50C4684461146FF
:10825000074D1A460023204664462B60FCF7CEF9F2
:10826000431C00D038BD2B68002BFBD0236038BDE9
:10827000447F0334014B1868704700BF9C7503347A
:108280000F4B70B50F4DAB42A3EB050607D0B610F0
:108290000024013455F8043B9847A642F9D80A4D0A
:1082A000F8F7AEFC094B5E1BAB424FEAA60606D0C0
:1082B0000024013455F8043B9847A642F9D870BD14
:1082C000180C1018180C1018180C1018200C101876
:1082D000704700BF704700BF704700BF704700BFC6
:1082E000844641EA000313F0030349D1403A23D303
:1082F0000B6803604B6843608B688360CB68C36026
:108300000B6903614B6943618B698361CB69C3610D
:108310000B6A03624B6A43628B6A8362CB6AC362F5
:108320000B6B03634B6B43638B6B8363CB6BC363DD
:1083300040304031403ADBD230320BD30B6803601F
:108340004B6843608B688360CB68C360103010312A
:10835000103AF3D20C3205D351F8043B40F8043BF9
:10836000043AF9D2043208D0D2071CBF11F8013BFD
:1083700000F8013B01D30B8803806046704700BFC3
:10838000082A13D38B07B1D010F00303AED0C3F18A
:108390000403D21ADB071CBF11F8013B00F8013BB4
:1083A000A4D331F8023B20F8023B9FE7043AD9D32B
:1083B000013A11F8013B00F8013BF9D20B78037048
:1083C0004B7843708B7883706046704720F00301D0
:1083D00010F00300C0F1000051F8043B00F1040C60
:1083E0004FEACC0C6FF000021CBF22FA0CF21343D0
:1083F0004FF0010C4CEA0C2C4CEA0C4CA3EB0C0299
:1084000022EA030212EACC1204BF51F8043B043002
:10841000F4D0C2F1000102EA0102B2FA82F2C2F122
:108420001F0200EBD2007047024B13B1024800F06C
:1084300063B87047000000007DB110182C4B2DE987
:10844000F04F824683B02B4F8B461868CDF804A0BE
:10845000FFF742FF3E6846B34FF000094FF00108B6
:108460007468651E21D4013406EB8404BBF1000F4F
:1084700022D173682268013BAB420CBF7560C4F81F
:10848000009072B108FA05F3D6F88811D6F804A066
:108490000B421AD1904773683A68534521D1B242D2
:1084A0001FD1013D043C6B1CE0D1114B186803B097
:1084B000BDE8F04FFFF712BFD4F800315B45D8D0CC
:1084C000013D043C6A1CF7D1EFE7D6F88C01D4F8E3
:1084D0008010034209D10198904773683A68534568
:1084E000DDD0002AE1D01646BAE708469047D2E729
:1084F000E0760334547F0334002301461A461846BD
:1085000002F0E0BE2DE9F8430646DFF8AC80082013
:10851000894602F047FE0546304600F0F5FBD8F8E4
:1085200008305F6827F00307A7F11104A4EB0904E2
:108530002C44B4FBF5F4013C05FB04F4A54208DC33
:108540000021304602F008FED8F808303B4498423B
:1085500005D0304600F0DEFB0020BDE8F883614224
:10856000304602F0F9FD01300FD03F1B104AD8F819
:108570000830304647F001075F6013681B1B13602B
:1085800000F0C8FB0120BDE8F8830021304602F06E
:10859000E3FDD8F80820831A0F2BDADD43F001033E
:1085A00003495360034B1B68C01A0860D1E700BF42
:1085B000587F0334E4760334F076033400297CD00A
:1085C0002DE9F0410C46804600F09EFB764F54F8B2
:1085D000043CA4F10805BE6823F001016818426854
:1085E000864222F0030200F08380DE0700EB020CDB
:1085F000426033D454F8084CDCF8043007F1080C1E
:108600002D1B214403F00103AC68644564D0D5F808
:108610000CE0C4F80CE0CEF80840002B00F081809C
:1086200041F001036B600160B1F5007F22D2CB08FD
:108630000122490901338A4079680A4357F8331007
:108640007A6007EBC302083AC5E9021247F83350D3
:10865000CD604046BDE8F04100F05CBBDCF8043082
:10866000DB072BD541F00103B1F5007F44F8043C52
:108670000160DCD3B1F5206F4FEA512353D28B094F
:1086800003F1390003F13802C300F818FB58083829
:10869000984203D161E09B68984204D05A6822F066
:1086A00003028A42F7D8D868C5E90230856040469F
:1086B000DD60BDE8F04100F02DBB7047114407F1CB
:1086C000080C836863453FD0C268DA60936041F06C
:1086D00001036B606950A7E7002B5FD10A44D0E922
:1086E0000213CB60996042F001036B60AA50B0E7BF
:1086F000DB070A4407D454F8083CED1A1A44D5E9BC
:108700000213CB60996042F001036B60274BBD60A0
:108710001B6893429DD8264B40461968FFF7F2FE2E
:1087200097E71144CDE7142B08D9542B1DD80B0B18
:1087300003F16F0003F16E02C300A6E703F15C00D2
:1087400003F15B02C300A0E741F00103C7E9045550
:10875000C5E902CC6B6069507BE70121921001FAF8
:1087600002F279680A437A609EE7B3F5AA7F06D8D9
:10877000CB0B03F1780003F17702C30085E740F2E9
:108780005452934206D88B0C03F17D0003F17C0216
:10879000C3007AE74FF47E737E2276E741F001034F
:1087A0006B60016055E700BFF0760334E876033470
:1087B000887F033401F10B03162B2DE9F04F074698
:1087C00083B023D8102900F2AF8000F09DFA102565
:1087D00018230220BC4E33445C68A3F10802944283
:1087E00000F080816368384623F00303D4E9021265
:1087F0002344CA6091605A68083442F001025A600A
:1088000000F088FA204603B0BDE8F08F002B23F07B
:108810000705C0F28980A94200F2868000F074FA50
:10882000B5F5FC7FC0F0B4816B0A00F08180042BA9
:1088300000F27E81AB0903F1390003F1380EC30069
:10884000A14E3344A3F1080C5C68A44507D10DE0A8
:10885000002AE16880F232818C450C4606D06368BC
:1088600023F003035A1B0F2AF2DD7046DFF87082F3
:108870003469444500F0E780636823F0030CACEBF7
:1088800005030F2B00F39481002BC6E9048880F2C6
:108890008381BCF5007FD6F804E080F029814FEA9F
:1088A000DC0301224FEA5C1C013302FA0CF256F899
:1088B00033104EEA020E06EBC302083AC6F804E093
:1088C000C4E9021246F83340CC6083104FF0010C2B
:1088D0000CFA03FCF44531D81CEA0E0F07D120F046
:1088E00003004FEA4C0C04301CEA0E0FF9D006EBE3
:1088F000C00A8146D646DEF80C300BE05A681C46AA
:10890000DB6822F00302511B0F2900F31D810029AF
:1089100080F231819E45F1D109F101090EF1080E75
:1089200019F0030FE7D167E10C233B60002469E7EE
:108930004FF4007340204FF03F0E81E7B468636846
:1089400023F00309A9EB05030F2B02DDA94580F0F5
:10895000A4805E4B08201B6803F1100804EB090398
:10896000009302F01FFC5A4AA8448346136801335F
:1089700005D008F1FF384342804403EA0808414625
:10898000384602F0E9FBB0F1FF3F8246504A79D009
:10899000009B83425AD9B44274D14E4B0BF1FF3C39
:1089A000186800EB080EC3F800E01168013100F010
:1089B0007381009AAAEB020272441A601AF007024D
:1089C000CDE9002300F04281C2F10802384692440A
:1089D0005A44D04408EA0C01521A02EA0C0B5946D8
:1089E00002F0BAFB421C019B00F06E81A0EB0A0072
:1089F00000EB0B08196848F00102B442C6F808A061
:108A00005944CAF80420196032D0B9F10F0F40F26E
:108A10000C816068A9F10C024FF0050C22F00702EE
:108A200000F0010010430F2A606004EB0200C0E96F
:108A300001CC1DD904F1080138460093FFF7BEFDB3
:108A4000009B196814E0D6F804E03EE7214B0BF1D7
:108A5000FF3C196841448E461960A6D1009810EA7F
:108A60000C0FA2D109EB0803B26843F00103536075
:108A7000194B1A688A4238BF1960184B1A688A4223
:108A800038BF1960B468626822F00302531B0F2BD1
:108A900040F3CE80954200F2CB80621945F001058B
:108AA00043F00103083444F8045C3846B260536074
:108AB00000F030F9204603B0BDE8F08FA2682344EF
:108AC0003846D1608A6096E6F0760334887F0334B6
:108AD000E4760334587F0334847F0334807F033487
:108AE000F8760334DC68A3427FF47CAE0230BDE646
:108AF000BCF5206F4FEA5C226CD3142A00F2B980D7
:108B000002F15C035B32DB00F118F358083999423B
:108B100003D191E09B68994204D05A6822F0030285
:108B20006245F7D8D968C4E902318C60DC60CCE6D4
:108B3000142B56D9542B00F2A5802B0B03F16F0098
:108B400003F16E0EC3007BE6D4F808C038466719FF
:108B500045F001056560CCF80C30C3F808C041F061
:108B60000103C6E90477C7E902887B60A150083495
:108B700000F0D0F846E622443846516841F0010141
:108B8000516054F8082FD3609A6000F0C3F839E6BA
:108B9000E80805F108031DE6A44438460834DCF86B
:108BA000043043F00103CCF8043000F0B3F829E6B8
:108BB000621943F0010145F0010538466560C6E9D8
:108BC0000422C2E90288516044F80C30083400F0F5
:108BD000A1F817E64FEA9C1202F139033832DB00A4
:108BE00092E703F15C0003F15B0EC30028E65AF83C
:108BF0000839534540F0858010F0030F00F1FF3035
:108C0000F5D1736823EA0C0373604FEA4C0C0CF146
:108C1000FF329A4204D391E64FEA4C0C09F1040961
:108C20001CEA030FF8D0484661E60123CAF8043075
:108C3000384600F06FF879E692104FF0010C0CFA0C
:108C400002F24EEA020EC6F804E06CE70AEB0802F4
:108C5000384602EA0C02ABEB020B0BEA0C0B59464E
:108C600002F07AFA431C019B7FF4C0AEDDF800B03D
:108C7000C0E6542A13D84FEA1C3202F16F036E3259
:108C8000DB0041E7B3F5AA7F13D8EB0B03F17800C3
:108C900003F1770EC300D3E5C2F800A08EE6B2F56B
:108CA000AA7F19D84FEADC3202F178037732DB0071
:108CB0002AE740F25452934219D8AB0C03F17D00DD
:108CC00003F17C0EC300BBE5009A4FF0000B083A9D
:108CD0009044A8EB0A088DE640F254539A420CD80F
:108CE0004FEA9C4202F17D037C32DB000CE74FF43B
:108CF0007E737F204FF07E0EA2E54FF47E737E22BE
:108D000002E7736881E700BF0148FFF7E5BA00BFDB
:108D1000487F03340148FFF7E1BA00BF487F0334BE
:108D20002DE9F04FE1B01C4683460B910DF1C00ACE
:108D30000D92129302F00CFA036818461B93FFF78A
:108D400045FB08221A9000215046FFF777F9BBF146
:108D5000000F04D0DBF83430002B01F0C3800B9AF5
:108D6000536EB2F90C20DD0702D4900540F1B786AE
:108D7000910406D40B9942F4005223F400538A81E3
:108D80004B669A0401F14F840B9AB2F90C301D071F
:108D900040F1CD801269002A00F0C98003F01A0268
:108DA0000A2A00F0D38000239FED9D7B9E46CDE9EB
:108DB000353337ABCDF870E0CDF838E034930A9313
:108DC000CDF858E0CDE91DEECDE91FEE8DED187B15
:108DD0000D9E954BD3F8E44002F0B4F932460346B9
:108DE0002CA95846CDF800A0A0470028034600F063
:108DF000CC80C0F2C2802C9A252A01D01E44E8E71C
:108E00000D9B0546F71A40F0C48000234FF0FF3257
:108E1000741C19468DF8A730109373780C92079143
:108E200001341F46A7F120035A2B00F2FF80DFE830
:108E300013F04103FD00FD003B03FD00FD00FD00BC
:108E40006A00FD00FD009002A102FD009B022003CC
:108E5000FD001A035B005B005B005B005B005B00D6
:108E60005B005B005B00FD00FD00FD00FD00FD0000
:108E7000FD00FD007D01FD001902B5027D017D01AF
:108E80007D01FD00FD00FD00FD00AF02FD00FD00C5
:108E90004B03FD00FD00FD003702FD00D702FD0081
:108EA000FD007E07FD00FD00FD00FD00FD00FD0052
:108EB000FD00FD007D01FD00190269027D017D01BB
:108EC0007D01630369021302FD00A602FD007E031B
:108ED000A3076C031302FD0037027C00A607FD0008
:108EE000FD00AA07FD007C00A7F13003002202EB81
:108EF000820214F8017B03EB4202A7F13003092B35
:108F0000F5D910928EE7584602F022F943681846C8
:108F10001F93FFF75BFA20900546584602F018F9B8
:108F200083681C93002D40F0CB85237878E70B9D58
:108F30005846294602F024F8002841F0E184B5F9AA
:108F40000C3003F01A020A2A7FF42DAF0B99B1F905
:108F50000E20002AFFF627AF4A6ED20702D49F05E3
:108F600041F1C38123460D9A0B99584601F012FD39
:108F70000E900E9861B0BDE8F08F08220021504697
:108F8000FFF75CF801231E4423E70D9B0546F71A03
:108F900013D00D9B0A9AC2E90037369B3B443693A7
:108FA000359B0133072B359311DC08320A920E9B57
:108FB0003B440E93002D7FF428AF369B002B41F0ED
:108FC0008A8100220B9B3592B3F90C3019E034AA48
:108FD0000B99584601F01EFD80B937AB0A93E6E7BE
:108FE00034AA0B99584601F015FD002800F0938033
:108FF000119B1BB111995846FFF7E0FA0B9BB3F98F
:109000000C300B9A526ED00740F11C815A0601F1C8
:1090100014830E9861B0BDE8F08F00BFAFF30080FD
:109020000000000000000000F87A03340D94002FC7
:10903000C3D00022012347A98DF81C718DF8A72009
:109040000893139111920C920F931792CDE9142269
:10905000079B13F0020302D0089902310891079987
:10906000369D11F0840405D1109908980E1A002E2F
:1090700000F3A8807AB10A98012201350DF1A70109
:109080004260359A369501320160072A359200F325
:10909000C18308300A9073B1359B2AAA0A99023518
:1090A00001330A600222072B369535934A6000F39C
:1090B000A58308310A91802C00F0A2820C9B0F9AA4
:1090C0009E1A002E00F3DF82079BDE0500F13E8230
:1090D0000A9A139B13600F9B1D445360359B369572
:1090E0000133072B359300F3308308320A92079B34
:1090F0005C0705D5109B089A9E1A002E00F39883F2
:109100000E9B109A08998A42ACBF9B185B180E936D
:10911000002D7FF465AF00233593119B1BB111998E
:109120005846FFF74BFA37AB0A9351E6129B4FF0C4
:10913000FF320D94073323F00701A54BB1EC027BFE
:1091400055EC174B129125F000418DED227A2391B9
:10915000DDE922898DED187B4046494605F05EFC2D
:10916000002840F02E854FF0FF32994B404649468B
:1091700005F036FC002840F024850022002320461C
:10918000294605F023FC002841F0B6819DF8A72070
:10919000079B00208F4923F08003119007938E4B8B
:1091A000472FD8BF194603230C90139108931790AB
:1091B0000F93CDE91400002A3FF44AAF089B013316
:1091C000089345E7102E359ADFF810922ADD2846DD
:1091D0004FF010084D460A99B946219327460B9C3B
:1091E00002E0103E102E17DD01321030072AC1E9CF
:1091F0000058CDE9352001F10801F2DD214634AAFD
:10920000584601F007FC37A900287FF4F1AE103E64
:10921000102EDDE93520E7DC3C46219B4F46A94670
:1092200005460A9101320A993544072AC1F800908F
:109230004E60CDE9352500F3448608319DF8A7201E
:109240000A9117E799053FF5E1AE0B9CA06DFFF77A
:1092500045F8B4F90C30D9E6079B43F02003079397
:109260002378DDE5129B432F0D9403F1040500F0F4
:10927000D785079BDE0600F1D385129B47AE1B689E
:109280008DF81C31012308930F930022CDE912566B
:109290008DF8A72011920C921792CDE91422D7E6EF
:1092A0000023129E0D948DF8A73056F8043B1393BB
:1092B000002B00F0A485532F00F02686079B13F0A7
:1092C0001003149340F020860C9B002BC0F2F18712
:1092D0001A46DDE9130101F073FF1190002801F037
:1092E000C282119B7327139A1296991A149B9DF8A8
:1092F000A7200F9121EAE1710C9308911793159320
:10930000119358E7079B0D949D064FD5129B073389
:1093100023F007031A46596852F8083B12920A468E
:109320000029C0F234840C990029C0F2D582079933
:1093300021F08001079140F0CF8253EA020114BF6F
:109340000121002140F0C88260AB0C910F91139372
:109350007BE0129B53F8042B002A109280F2CD83FD
:10936000109A129352421092079B43F00403079302
:10937000237855E52B238DF8A730237850E5237803
:109380006C2B00F01185079A42F01002079247E516
:10939000079B43F008030793237841E5079B0D944F
:1093A00043F010030793079B9D06AFD4129A52F81F
:1093B000043B1292079AD40600F1E483079A500600
:1093C00040F1DC8343F3C0321BB21146A8E700BF73
:1093D000FFFFEF7F000E1018FC0D1018F82C10186E
:1093E000079B0D9443F0100414F0200200F0498311
:1093F000129B0121073323F0070318465A6850F8DF
:10940000083B129000200C9D8DF8A700002DC0F2A3
:109410006F8124F08000079053EA020040F06781DA
:10942000281E18BF0120002D40F06181002940F066
:109430003A8214F001030C910F9300F0D282302392
:109440008DF87F310DF27F1313930F9900230C9841
:109450009DF8A720814211931793B8BF0146CDE92B
:1094600014330891A7E6079B43F080030793237802
:10947000D6E4214611F8017B2A2F01F02A82A7F1B8
:109480003003092B01F2E780002202EB820211F87F
:10949000017B03EB4202A7F13003092BF5D942EA25
:1094A000E2730C460C93BDE4079B43F00103079362
:1094B0002378B5E49DF8A7202378002A7FF4B0AC88
:1094C00020228DF8A720ABE4079B0D9443F01003F6
:1094D0000793079B13F0200200F0E182129B0733F1
:1094E00023F0070319465A6851F8083B129107996F
:1094F00021F48064002185E72378682B00F06A84DA
:10950000079A42F0400207928AE4079B7827129A52
:109510000D9443F0020447F630039249ADF8A830A9
:1095200052F8043B1E910221129200226AE7079B27
:109530000D949C0640F13483129B0E9A1B681A60AE
:10954000D2175A60129B0433129341E4652F40F303
:109550000F8100220023DDE9180105F02DFA002813
:1095600000F0CA81359B01357F4A01330A9936954F
:109570000A60072B4FF0010235934A6000F3B7846D
:1095800008310A912B9B169A934280F2B1821A9B62
:109590000A9A1B991D44C2E90013359B3695013385
:1095A000072B359300F31E8408320A92169B5E1E29
:1095B000002E7FF79CAD102E359BDFF8B09140F365
:1095C000B98010274C46DDE90A2803E0103E102E32
:1095D00040F3AE8001331035072BC2E90047CDE9D7
:1095E000353502F10802F1DD34AA4146584601F052
:1095F00011FA00287FF4FCAC37AADDE93535E5E740
:10960000109B089A9E1A002E7FF758AD102E359B9E
:10961000DFF8589124DD294610240A9A4D46DDF8DA
:109620002C8002E0103E102E17DD01331031072B85
:10963000C2E90054CDE9353102F10802F2DD34AA65
:109640004146584601F0E6F900287FF4D1AC103EBF
:1096500037AA102EDDE93531E7DCA9460D460A921E
:1096600001330A9A3544072BC2F800905660CDE9C1
:10967000353500F38C8308320C9B0A920F9A9E1AA0
:10968000002E7FF721AD102E359BDFF8E09020DD16
:109690001024DDE90A2802E0103E102E18DD013307
:1096A00010353249072BC2E90014CDE9353502F1F6
:1096B0000802F1DD34AA4146584601F0ABF937AA59
:1096C00000287FF495AC103E102EDDE93535E6DC40
:1096D0000A9201330A9A3544072BC2F8009056606B
:1096E000CDE9353500F3C08108320A92ECE4079CDD
:1096F000012900F0F280022900F0DA8060AD03F069
:109700000701DB08284643EA42733031D20805F8E6
:10971000011D53EA0206F2D13029139502D0E30766
:1097200000F1F98260AB139A07949B1A0F938CE6B1
:10973000A1460A9201330A9A3544072BC2F80090D9
:109740005660CDE935357FF7D0AC34AA0B99584631
:1097500001F060F900287FF44BAC37AB369D0A93DB
:10976000C5E400BF0C0E10183C0E1018E82C1018A1
:109770000A9B0135359E03F10807169B01360A9AAC
:10978000012B40F33181139B072E13604FF001032F
:10979000CDE93565536000F388831A9B01361B9A27
:1097A0001D44072EC7E90023CDE9356500F3718319
:1097B0000837169B00225C1E0023DDE9180105F026
:1097C000FBF8002840F02A810136139B25447C6079
:1097D0000133072E3B60CDE9356500F3138108376F
:1097E0001D9B01361D447B60072E2EABCDE93565F0
:1097F0003B60AADC07F108030A9378E434AA0B99CA
:10980000584601F007F900287FF4F2AB37AB369DDC
:109810000A9350E434AA0B995846219301F0FAF8C0
:1098200000287FF4E5AB37AB369D0A93219B32E4E9
:10983000102E359BDFF8949521DD10274C46DDE98D
:109840000A2802E0103E102E17DD01331035072BD9
:10985000C2E90047CDE9353502F10802F2DD34AA4C
:109860004146584601F0D6F800287FF4C1AB103EBF
:1098700037AA102EDDE93535E7DCA1460A9201331F
:109880000A9A3544072BC2E90096CDE935357FF7B2
:1098900037AC34AA0B99584601F0BCF800287FF485
:1098A000A7AB369D2CE460AB0C900F901393CCE5E6
:1098B00060A91E9D03F00F001B09285C43EA027398
:1098C000120901F8010D53EA0200F3D160AB1391C4
:1098D00007945B1A0F93B8E5079C0A2B72F10001FD
:1098E00080F06983303307948DF87F3101230F9323
:1098F0000DF27F131393A8E52B9A002A40F3018100
:10990000149F169B9F42A8BF1F46002F0DDD139B7F
:109910003D440A9A3695C2E90037359B0133072B3F
:10992000359300F3408608320A92149E002FA8BF98
:10993000F61B002E00F3AC83DDE913231344994694
:10994000079B590500F137852B9E169B9E42C0F25E
:109950007F82079BDA0700F17B82169B139F9E1B79
:109960001F44A7EB0907B742A8BF3746002F0DDDFC
:10997000359B3D440A9A01333695C2F80090072B77
:109980005760359300F36C8608320A92002FA8BF07
:10999000F61B002E7FF7ABAB102E359BDFF8309413
:1099A0007FF7C8AE10274C46DDE90A2803E0103ED9
:1099B000102E7FF7BDAE01331035072BC2E90047EB
:1099C000CDE9353502F10802F1DD34AA41465846A9
:1099D00001F020F800287FF40BAB37AADDE935351C
:1099E000E5E760AB139330E5079BDB073FF5CBAEB4
:1099F000139B072E13604FF00103CDE935655360CB
:109A00007FF7EEAE34AA0B99584601F003F8002810
:109A10007FF4EEAA37AFDDE93565E1E6169B012B51
:109A20007FF7DEAE112BDFF8A89340F326834FF0CB
:109A3000100803E0103C102C40F31F830136103552
:109A4000072EC7E90098CDE9356507F10807F1DD74
:109A500034AA0B99584600F0DDFF00287FF4C8AA0D
:109A600037AFDDE93565E5E734AA0B99584600F0D4
:109A7000D1FF00287FF4BCAA37AB369D0A93FFF7CD
:109A800023BB129951F8043B129114F0100173D1C9
:109A900014F040006BD00A469BB20121B2E4129947
:109AA00051F8043B1291079911F010017FF41FAD9A
:109AB000079A12F0400000F010839BB20A4616E5A8
:109AC000002B3FF432AA1C9B1A782378002A3FF41B
:109AD000A7A9079A42F480620792FFF7A1B90B9DEC
:109AE000A86DFEF7F9FBB5F90C206B6EFFF740B9D6
:109AF000079BDC077FF5FBAA49E512932378FFF764
:109B00008FB9359B0135AC4901330A983695016010
:109B1000072B4FF001013593416000F30D850830AC
:109B20000A90169B134300F06A851A9B0A991B98AA
:109B30001D44C1E90003359B36950133072B35934E
:109B400000F3148508310C46002AC0F2D885139A18
:109B500001332260072B169A15446260CDE9353532
:109B60003FF7F3AD04F108030A93FFF7C0BA14F40A
:109B7000007201D0DBB20246012143E4079A91054D
:109B800000F18B83DA1711460029BFF6CCAB5B429C
:109B9000079C4FF02D004FF0010162EB420232E4CE
:109BA000079BD80600F16382079B590600F17B836F
:109BB000079B9A0540F15B82129B0E9A1B681A70F4
:109BC000C0E4DDE9180102460B4604F027FF002837
:109BD00040F0E98527F02006412E40F095823023A1
:109BE000612F8DF8A83014BF582378238DF8A93041
:109BF0000C9B632B00F38E8347AB11901393DDE92D
:109C00001812002A80F26E8502F100434FF02D09F0
:109C1000269127932BAADDE9260101F01DFB0022E6
:109C20004FF07F5304F060FC02460B46CDE9082359
:109C30000022002304F0C0FE08B101232B930C9BEB
:109C40005E4A591E5E4B14460F97CDF85090612F17
:109C500008BF1C46139E0F460C94DDE9088908E0F6
:109C6000002200237D1E04F0A7FE002840F0E485BA
:109C70002F460022534B4046494604F035FC8946A6
:109C8000804604F0E1FE054604F0C4FB02460B46A4
:109C90004046494604F070FA635D3246804606F855
:109CA000013B7B1C8946DBD11446474B00220F9FAA
:109CB000CDE90889DDF8509004F0A6FE002800F0F8
:109CC0003C860C9B3294D97B334616F8012C91428A
:109CD00009D1302003F8010C329B5A1E329213F83E
:109CE000012C9142F6D0392A00F006860132D2B218
:109CF00003F8012C3346079A012142F00202079231
:109D0000139A9B1A07F10F021693D2B22B9B14934E
:109D1000013B2B935AE23023139A0238079402F83E
:109D2000013C60AB13901B1A0F93FFF78EBB234BC4
:109D30000D941E93079B13F0200200F09980129B54
:109D4000073323F0070319465A6851F8083B12916C
:109D500053EA02010AD00799C80707D541F002016A
:109D60008DF8A970079130218DF8A810079921F47A
:109D700080640221FFF746BB0D94FFF7AABB0D9448
:109D8000079CFFF731BB0E4B0D941E93D2E734AA0C
:109D90000B99584600F03EFE00287FF429A937AB06
:109DA000369D0A93FFF78AB9079B013443F02003DD
:109DB00007932378FFF734B83C0E1018200E1018C4
:109DC0000C0E1018000030400000E03FF82C101876
:109DD000E82C1018079B013443F400730793237891
:109DE000FFF71EB834AA0B99584600F013FE00285E
:109DF0007FF4FEA837AB369D0A93FFF7D7BB0C99CB
:109E00001A460C9306291193179328BF0621129620
:109E1000CDE91433B94B08910F911393FFF7CBB9E8
:109E20000822002132A847AEFEF708F9129A32AB99
:109E300058461268314603F035F803460F90013357
:109E400000F052850F9B23EAE3730893FFF71DBAD6
:109E50001A9B0A9A1B991D44C2E90013359B36953B
:109E60000133072B359300F3AB8308320A9274E574
:109E7000129951F8043B1291079911F010017FF4E7
:109E800067AF079A12F0400000F030819BB20A469B
:109E90005EE734AA0B99584600F0BCFD00287FF419
:109EA000A7A837AFDDE9356583E434AA0B99584696
:109EB00000F0B0FD00287FF49BA837AFDDE93565E1
:109EC0006BE434AA0B995846219300F0A3FD0028B7
:109ED0007FF48EA837AB9DF8A720369D0A93219B6F
:109EE000FFF7C8B85846FDF7A9FFFEF738BF34AAF8
:109EF0000B99584600F08EFD00287FF479A837AB07
:109F0000369D0A93FFF73EBB32AC139B082200211B
:109F100020462D93FEF792F80C9B002BC0F21C827A
:109F200000259946A8460EE047A9584602F0BAFF18
:109F3000431C05F10405404400F02A84484507DC31
:109F400000F08A8480462D9A23465259002AEBD18C
:109F5000CDF83C800F9B002B00F0FC82632B40F37C
:109F6000C983591C5846FEF725FC1390002800F0C1
:109F70000485139B1193082200212046FEF75EF80A
:109F800000940F9C2DAA13995846234602F0B0FF67
:109F9000844240F0EC840023139A0F991296535494
:109FA00021EAE1719DF8A7200C9308911793CDE960
:109FB0001433FFF700B904F4806100209E460DF5CC
:109FC000C07C4F4E4FF0050980460B46CDF83CB0A3
:109FD000CDE9077407E0BEF10A0F72F1000238D331
:109FE000AE462246BC461EEB020008F101080CF109
:109FF000FF3740F10000A6FB001424F0030101EB41
:10A0000094014FF0CC34401ABEEB000162F1000520
:10A0100004FB01F406FB0544A1FB06510C4405F0CA
:10A0200001016D08A1FB091B45EAC4750918640804
:10A0300030310CF8011C002BCDD01C99097841451A
:10A04000C9D1FF29C7D0BEF10A0F72F1000280F01A
:10A05000C5823A4660AB13979B1ADDF83CB0CDF849
:10A0600058800F93DDE907740794FFF7EEB9129B50
:10A070000E9A1B681A60FFF765BA01362544C7F8C7
:10A080000090072E7C60CDE935657FF7A8ABB9E479
:10A09000102E359BDFF86C9040F3F18010274C4672
:10A0A000DDE90A2803E0103E102E40F3E68001337C
:10A0B0001035072BC2E90047CDE9353502F108021A
:10A0C000F1DD34AA4146584600F0A4FC00287EF495
:10A0D0008FAF37AADDE93535E5E7079A12F400724C
:10A0E0003FF405AADBB20246FFF701BA079A12F461
:10A0F00000723FF42DAEDBB2024629E6340E101892
:10A10000CDCCCCCCE82C10180C9B5A1C00F0F28063
:10A11000472E03D1002B08BF01230C93079ADDE9DA
:10A12000180142F480740029C0F24D834FF00009F9
:10A13000CDE92401652F00F0858200F3E281452FEF
:10A1400000F08082462F40F0DF81DDF8308003236D
:10A150005846CDE9003832AB04932DAB03932BABBB
:10A160000293DDE9242301F08BF9462E00EB08056C
:10A17000139006D1139B1B78302B00F081822B9B10
:10A180001D4400220023DDE9240104F015FC002811
:10A1900040F05D82329BAB4206D230215A1C329293
:10A1A0001970329B9D42F9D82B9A1492139A472E1C
:10A1B000A3EB0203169300F0BE80462E00F06F82E0
:10A1C000149B013B0021FAB22B931191002B8DF8C7
:10A1D000B820C0F2D8822B22092B8DF8B92040F389
:10A1E000BF820DF1CF04DFF828C52546ACFB032163
:10A1F0001E462846013DC908632E01EB8102A3EBF0
:10A2000042020B4602F1300200F8012CEEDC303342
:10A2100005F8013C831EA34280F058830DF1B9027A
:10A2200013F8011BA34202F8011FF9D160AB181A01
:10A23000A0F1AD031D93169B1D9A012B1A440F929A
:10A2400040F39C820F9B1A9A13440F93079B0F9A1B
:10A2500023F4806322EAE27243F480730892079346
:10A2600000231793CDE91433B9F1000F6DD19DF898
:10A27000A720CDF83090FEF79EBFA1460A92013389
:10A280000A9A3544072BC2F800905660CDE935355F
:10A2900033DC08320A92FFF74FBB43F3C0125BB2C4
:10A2A0001146FFF73DB8129B0E9A1B681A80FFF704
:10A2B00049B913987327FEF789F8149B20EAE071D7
:10A2C0009DF8A72012960F900C9308911793159361
:10A2D0001193FEF770BF34AA0B99584600F09AFB11
:10A2E00000283EF46EAEFEF789BE886DFDF7F6FFDE
:10A2F000FEF738BE06230C9310E734AA0B99584694
:10A3000000F088FB00287EF473AE37AB369D0A93CD
:10A31000FFF712BB591C5846FEF74CFA1390002861
:10A3200000F0E282139B119369E4329B139A9B1A0B
:10A3300016932B9B14930C9A149B9A4201DB0333C4
:10A3400019DA149B023F013B3CE72D2200238DF8D4
:10A35000A7200C93FEF732BF00232DAA5846009485
:10A36000194602F0C5FD03460F90013300F010823C
:10A37000139B2D93EEE5169B149A934200F3A8814C
:10A38000079B13F0010F149B00F079821A9A134473
:10A390000F93079B5D0503D5149B002B00F31C82D4
:10A3A0000F9B672723EAE373089300230794119315
:10A3B0001793159358E7159B002B03DC179B002B75
:10A3C00040F3D182139B2946169ADDF870809C18C1
:10A3D000209D0A9A23464C46DDF85C90B9F1000FA7
:10A3E00032DC159808F1FF38013815901F98294480
:10A3F000C2E90005359836910130072835904DDCCB
:10A4000008321F1B98F800000A938742A8BF07462E
:10A41000002F0BDD359839440130369107283590EF
:10A42000C2E9004759DC083298F80000002FACBFA1
:10A43000C61B0646002E0ADC044415980028CDDC15
:10A44000B9F1000F40F3338209F1FF39CEE7102E46
:10A450003598DFF8B8C233DD0C9510270F943446D9
:10A460000B9D6646149302E0103C102C23DD013056
:10A470001031A64B0728C2E90037CDE9350102F1BA
:10A480000802F1DD34AA2946584600F0C3FA002834
:10A490007EF4AEAD37AADDE93501E5E734AA0B99C4
:10A4A00058460A9300F0B6FA00287EF4A1AD36991A
:10A4B00037AA0A9BA5E7B4460C9D2646149B0F9C21
:10A4C00001303144C2F800C007285660CDE935019B
:10A4D0005ADC083298F80000AEE734AA0B995846C7
:10A4E0000C9300F097FA00287EF482AD98F80000F3
:10A4F00037AA36990C9B99E72D228DF8A720FEF7F5
:10A5000047BE662F3FF421AE0C9B5846019332ABF9
:10A5100004932DAB03932BAB029302230093DDE94D
:10A52000242300F0ADFF079B1390DB077FF5FDAE02
:10A53000139B0C9A9D1824E634AA0B99584600F0F8
:10A5400069FA00287EF454AD37AB369D2B9A0A93F6
:10A55000FFF7E7BA0F9B9DF8A720129608930C937C
:10A5600017931193CDE91433FEF725BE34AA0B9946
:10A57000584600F04FFA00287EF43AAD2B9A37ACDB
:10A58000DDE93535FFF7E0BA34AA0B9958460C934C
:10A5900000F040FA00287EF42BAD98F8000037AAAE
:10A5A00036990C9B48E734AA0B99584600F032FACA
:10A5B00000287EF41DAD37AB369D0A93FFF7B5B981
:10A5C00034AA0B99584600F025FA00287EF410AD05
:10A5D00037AB2B9E369D0A93FFF7BFB91193209B93
:10A5E0001F99FF1A1A463846FDF77AFD1C99119BF0
:10A5F0004A780AB101311C914FF00008F0E4079B42
:10A60000D8077EF574AD1A9B0A9A1B991D44C2E9BE
:10A610000013359B36950133072B3593A6DC0832A2
:10A620001446FFF794BADF0707D40B9B9B899E055E
:10A6300003D40B9B986DFDF751FE4FF0FF330E9343
:10A64000FEF7E7BC0C9B03F10108022380E52B9A7F
:10A650002B461492AAE500230C460C93FEF7E2BBAE
:10A6600034AA0B99584600F0D5F900287EF4C0AC06
:10A67000169B2B9E369D9E1B37AB0A93FFF786B920
:10A6800000220023DDE9240104F096F9002800F0FF
:10A6900062812B9B1D441493139BEB1A1693079B0B
:10A6A000149903F001030C9A002943EA020340F3D2
:10A6B0003481002B40F0BA80149B66270F93079BD0
:10A6C0005B0500F18A800F9B23EAE37308936CE635
:10A6D000169B1A9A9A18149B002B0F9240F3D18064
:10A6E0006727ECE79DED187B4FF000098DED267B89
:10A6F000FFF790BA0023119347AB13933BE4564204
:10A700001032DFF808901EDA102706E0E82C101847
:10A71000CDCCCCCC103E102E15DD01331035072BDF
:10A72000C4E90097CDE9353504F10804F2DD34AA17
:10A730000B99584600F06EF900287EF459AC37ACFE
:10A74000DDE93535E6E701333544C4F80090072BE1
:10A750006660CDE9353500F39D800834FFF7F7B921
:10A7600000297DD130228DF8BA200DF1BB023033A3
:10A7700002F8013B2EABD31A1D935CE5079BDE0765
:10A780007FF564AD5EE5149B2D22C3F1010323E543
:10A790000B9B0022B3F90C30119243F040030B9A4B
:10A7A0009381FEF725BC199B002BC0F28B809DF88E
:10A7B000A720079B0020744923F080031190079382
:10A7C000724BFEF7EDBCDDE918124FF02D0902F1D6
:10A7D000004324912593ADE467271C990B78FF2B48
:10A7E00000F0BD800025149A284603E001300131B5
:10A7F000FF2B08D0934206DAD21A4B78002BF5D102
:10A800000B780135F4E71C91159017951492159A61
:10A81000179B209913440F9A079401FB03230022EE
:10A820000F9323EAE373119208931DE51A9B6627A1
:10A830001A4453180F9342E73946DDF850900F9FA2
:10A840000029FFF657AA4B1C3022334406F8012B8F
:10A85000B342FBD1FFF74FBA0C9B0F93FFF77ABBC4
:10A860000DF1BA0283E70C9B73279DF8A72012967F
:10A8700008930F930C9017901590FEF79CBC0F93C4
:10A8800087E5C3F1010367271A4422EAE2730F92B6
:10A8900008938AE534AA0B99584600F0BBF80028C3
:10A8A0007EF4A6AB37ACDDE93535FFF750B9A146EC
:10A8B0000D460A9BCDF870800A92994528BF9946AB
:10A8C000FFF742B82D228DF8A72072E702231D93CF
:10A8D000B1E4129A63780C4652F8041B41EAE17124
:10A8E00012920C91FEF79CBA0B9AB2F90C3043F01D
:10A8F00040039381FEF785BB0C9A927AFFF7F8B973
:10A900000B9A536ED8073FF598AE938999053FF59A
:10A9100094AE906DFDF7E2FC8FE623B90123662724
:10A9200008930F9341E51A9B5F1C0C9B3B446627E1
:10A930000F9323EAE373089337E5DDE9080100226A
:10A94000134B04F039F800283FF4D4A9EA077FF547
:10A95000D1A9FFF7B6B9C8F101032B9310E4002386
:10A960001793159353E7139B169A1344A5E70B9B74
:10A97000B3F90C3043F0400311E70B9B1190B3F98E
:10A980000C3043F040030AE7080E1018040E1018AC
:10A990000000E03FF0B51F468B89ADF26C4D1546C7
:10A9A00023F00203064616A80C46ADF80C301AAB8D
:10A9B000009304934FF48063029305934B6E1993B5
:10A9C000CB89ADF80E30CB6907934B6A099300230E
:10A9D0000693FDF77DFC2A463B4669463046FEF766
:10A9E0009FF9051E07DB6946304600F01FF9002875
:10A9F00018BF4FF0FF35BDF80C305B0603D5A389B7
:10AA000043F04003A3811698FDF764FC28460DF23D
:10AA10006C4DF0BD936810B514461BB91846002361
:10AA2000636010BD00F02CF90023A3600023636075
:10AA300010BD00BF70B500293FD006460C4610B1CE
:10AA4000436B002B3CD0636EB4F90C20DD0732D48D
:10AA5000900538D52146304600F04CF8E36A0546AB
:10AA600033B1E169304698470028B8BF4FF0FF3551
:10AA7000A3891A0639D4216B41B104F140039942EC
:10AA800002D03046FDF79AFD00232363616C21B1AB
:10AA90003046FDF793FD00236364FDF7EDF9636E27
:10AAA0000022DB07A2811CD5A06DFDF713FCFDF78A
:10AAB000E9F9284670BD002ACCD10025284670BD92
:10AAC000FDF7BCF9BFE7A06DFDF706FCB4F90C304B
:10AAD000002BBFD1636ED907EFD4A06DFDF7FEFB4D
:10AAE000EBE7A06DFDF7FAFBDEE721693046FDF7E5
:10AAF00065FDC0E7B1F90C202DE9F04116070C46C1
:10AB000080464ED4496842F400630029A38163DD86
:10AB1000A56A002D42D0002112F48052D8F80060BE
:10AB2000C8F80010E16964D101234046A847451CDC
:10AB300002466DD0B4F90C30A56AE169580705D515
:10AB40006368D21A236B0BB1E36BD21A0023404621
:10AB5000A847431C4FD1D8F80010B4F90C301D2978
:10AB600040D8314ACA40D7073CD523F40062DD04FF
:10AB7000A2814FF0000262602269226001D50029A3
:10AB800044D0216BC8F8006041B104F14003994200
:10AB900002D04046FDF712FD002323630020BDE8EC
:10ABA000F0810E69002EF9D092070D680E600CBF7F
:10ABB0004B690023AD1B8B600BE02B463246E169ED
:10ABC0004046676AB847B0F1000CA5EB0C05664437
:10ABD00006DD002DF1DCE1E7E16B002998DCDDE723
:10ABE000B4F90C3043F040034FF0FF30A381BDE8CF
:10ABF000F081226DA2E7B4F90C300022626023F4E8
:10AC00000062DB04A28122692260BAD52065B8E720
:10AC1000D8F80030002B8DD01D2B01D0162BDFD1A2
:10AC2000C8F80060BAE700BF0100402038B505460B
:10AC30000C4608B1436B03B3B4F90C0088B1636EE2
:10AC4000DB0701D481050FD528462146FFF752FFC7
:10AC5000636E0546DA0702D4A3899B0508D528460A
:10AC600038BD0546284638BDA06DFDF735FBEBE73E
:10AC7000A06DFDF733FB284638BDFDF7DFF8DBE7B5
:10AC80009368002B00F0F980B1F90CC01CF0080F9C
:10AC90002DE9F04F904683B081460C4631D00B69C8
:10ACA0007BB31CF00207D8F8006038D00027D4F836
:10ACB00024B0E169DFF8C4A23D4655452B463A462B
:10ACC000484628BF5346C5B1D847002840F3CB803B
:10ACD000D8F8083007442D1A1B1AC8F80830002B82
:10ACE00000F0B78055452B46D4F824B03A46E169C8
:10ACF00028BF53464846002DE6D1D6E900750836F0
:10AD0000DBE72146484600F03BF9002840F0B080E0
:10AD1000B4F90CC0D8F800601CF00207C6D11CF0D2
:10AD2000010A64D123685746A16818468B46002F54
:10AD300059D01CF4007F00F0B680B9420A4600F2F8
:10AD4000E2801CF4906F30D021695D1A636913EBC7
:10AD5000430348BF01334FEA630B6B1C3B445A4625
:10AD60005B4501D99B461A461CF4806F00F0EA80CF
:10AD700011464846FDF71EFD002800F0F9802A46DE
:10AD800021690090FDF7ACFAA289009B22F4906241
:10AD900042F08002A2815819C4F814B0ABEB05054B
:10ADA0003A46BB462361A56020605146009200F000
:10ADB00049F9A16823683D46009AA1EB0B010027E1
:10ADC0001A44A1602260D8F80830AA445B1BC8F876
:10ADD0000830002B3DD02368A168B4F90CC0184698
:10ADE0008B46002FA5D1D6E900A708369DE7384647
:10ADF000BB463D460097002D41D0002846D0009A22
:10AE0000A168AA426369206828BF2A4603EB010AA9
:10AE10002169884202D9524500F38580934275DC4E
:10AE20005A46E1694846676AB847B0F1000A1ADD38
:10AE3000009BB3EB0A0300930FD00120D8F8083031
:10AE4000D344A5EB0A05A3EB0A03C8F80830002B8E
:10AE5000D1D1002003B0BDE8F08F21464846FFF76E
:10AE6000E5FE0028EAD0B4F90C3043F04003A3819A
:10AE70004FF0FF3003B0BDE8F08F002070477568D9
:10AE800033460836002DFAD0D3F800B02A460A21FE
:10AE9000584600F095F9002867D00130A0EB0B036D
:10AEA0001A460093ACE722699A4214D36269BA4207
:10AEB00011D86FF00043656AE1694846BB4228BF7C
:10AEC0003B4693FBF2F302FB03F35246A847051EF1
:10AED000C9DD7F1B77E7B942184628BF39460D46C2
:10AEE00051462A4600F0AEF8A1682368491B2B445E
:10AEF000A16023600029ECD121464846FFF796FE69
:10AF00000028E6D0AFE7BB463A464EE759460192E5
:10AF100000F098F8019AA36892469B1AA3602368F0
:10AF20001344236084E75946524600F08BF82368A7
:10AF30002146484653442360FFF778FE00283FF43B
:10AF400077AF90E7484601F0E7FD034600287FF41D
:10AF500022AF21694846FDF731FBB4F90C300C22D1
:10AF600023F08003C9F800207FE76A1C009247E7BE
:10AF70000C22B4F90C30C9F8002076E700FCFF7F02
:10AF800038B52F4B05460C461B6813B15A6B002A87
:10AF900045D0B4F90C30180716D52269F2B113F078
:10AFA000010107D0616900204942A060A1613AB166
:10AFB000002038BD980758BF6169A160002AF7D109
:10AFC000190638D4104638BDD9062CD55A0712D4E4
:10AFD000226943F00803A381002AE0D103F4207121
:10AFE000B1F5007FDBD02146284601F08DFFB4F992
:10AFF0000C302269D3E7216B51B104F14002914238
:10B0000004D02846FDF7DAFAB4F90C3000222263A6
:10B010000021226923F02403C4E90021D9E718465E
:10B02000FCF70CFFB5E7092243F040032A60A38137
:10B030004FF0FF3038BD43F04003A381F8E700BF75
:10B040009C75033488420ED98B1883420BD900EBD0
:10B05000020C002A6ED0624613F801CD994202F824
:10B0600001CDF9D170470F2A0FD8034602F1FF3CFA
:10B07000002A5FD00CF1010C013B8C4411F8012B2C
:10B08000614503F8012FF9D1704740EA01039B079E
:10B0900051D1A2F1100301F1200C70B523F00F057E
:10B0A00001F1100E00F110041B09AC445EF8105CB5
:10B0B0000EF1100E103444F8205C5EF81C5C44F86D
:10B0C0001C5C5EF8185C44F8185C5EF8145CE6459D
:10B0D00044F8145CEAD1013312F00C0F02F00F0CAB
:10B0E00001EB031100EB031329D0ACF1040C1C1F7E
:10B0F0008E462CF003064FEA9C0C1E445EF8045B5F
:10B1000044F8045FB442F9D10CF1010402F00302E7
:10B1100003EB840301EB840102F1FF3C4AB10CF123
:10B12000010C013B8C4411F8012B614503F8012F00
:10B13000F9D170BD704702F1FF3C03469AE76246C1
:10B14000EAE700BF014B93F828017047F87A03340F
:10B1500000487047E87B033438B50022064D0446AA
:10B1600008462A6002F0D6FF431C00D038BD2B6889
:10B17000002BFBD0236038BD447F033438B5074D26
:10B18000074C2C1BA41005D0013C55F8043D9847F2
:10B19000002CF9D1BDE83840F5F738BD240C101863
:10B1A000200C1018082802D14FF48050704708B5C1
:10B1B000FDF760F8162203464FF0FF301A6008BD15
:10B1C0005FFA81FC810744D00346511E22B909E091
:10B1D0009A0709D0013905D3184601330278624530
:10B1E000F6D1704700207047184603290CD8002973
:10B1F000F8D00346014401E08B42F3D0184613F81F
:10B20000012B6245F8D1704710B50CEB0C240246B7
:10B2100004EB044402E00439032915D9104652F81E
:10B22000043B6340A3F1013E2EEA030313F0803F89
:10B23000F1D00346014401E08B4208D0184613F8D0
:10B24000012B6245F8D110BD10460029F1D1002034
:10B2500010BD1146C9E700BFF8B5DFF860C021F0A6
:10B2600000430027044663450D461646176020D864
:10B27000844653EA0C0C1CD0DFF844C00A4601EAAD
:10B280000C0CBCF1000F09D100220B4B03F02CF980
:10B290006FF0350704460A4621F000436FF31E5253
:10B2A0001B1542F07F55A3F2FE3345F400153B44D5
:10B2B000336020462946F8BD00005043FFFFEF7F72
:10B2C0000000F07F2DE9F8431C4D064698460F46D6
:10B2D00028689146FDF700F8194B1C682CB32868C4
:10B2E00065681F2D24DC4EB96B1C0235636044F881
:10B2F0002570FCF7F3FF0020BDE8F88304EB85011F
:10B300000123022EC1F8889003FA05F3D4F88821AE
:10B3100042EA0302C4F88821C1F80881E4D1D4F8D4
:10B320008C211A43C4F88C21DEE7064C1C60D6E75A
:10B33000FCF7D4FF4FF0FF30DEE700BFE0760334C8
:10B34000547F03348C7F03342DE9F04F036985B0BB
:10B350000C69A342C0F29080013C01F1140500F198
:10B360001408814655F824304FEA840C58F82420FC
:10B3700005EB8407013308EB840B9A42B2FBF3F62A
:10B3800042D30020AA46C646CDF80C800346884624
:10B39000CDE901C505465AF8042BDEF8001090B23D
:10B3A00057454FEA124C06FB00508AB24FEA10454F
:10B3B00080B206FB0C55A2EB00021A44ABB24FEA76
:10B3C0001545C3EB224392B203EB114342EA034219
:10B3D0004FEA23434EF8042BDDD24146DDF80C80C2
:10B3E000DDE901C558F80C3073B9ABF1040BD84551
:10B3F00004D307E0D84504F1FF3403D25BF80439E5
:10B40000002BF7D0C9F81040484601F043FA002855
:10B410002EDB00224146944655F8040B0B681FFAB8
:10B4200080FEAF429AB24FEA1040A2EB0E02624495
:10B43000C0EB224092B200EB134042EA00424FEAD6
:10B44000204C41F8042BE7D258F8242008EB840361
:10B450006AB9043B434504D807E0984504F1FF343A
:10B4600003D253F80429002AF7D0C9F81040013656
:10B47000304605B0BDE8F08F002005B0BDE8F08F84
:10B480002DE9F04F816B9DB016461F460446299D5D
:10B49000CDE9046741B1C26B012393404A608B60E0
:10B4A00000F09AFF0023A363B7F10009C0F2B48053
:10B4B00000232B607C4B33EA090300F0B8800022A4
:10B4C00000239DED047B51EC170B8DED027B03F007
:10B4D00073FA804668B10123289A13602A9B13B13E
:10B4E000724B2A9A1360DFF8D08140461DB0BDE848
:10B4F000F08F1AAB204601931BAB0093DDE90223CA
:10B5000001F0AAFA83465FEA195540F0A780DDE909
:10B510001A85454405F23243202B40F34982C3F19A
:10B52000400309FA03F905F2124326FA03F349EA44
:10B53000030002F05FFF013D0123A1F1F8711493B4
:10B5400000225B4B02F018FE51A3D3E9002302F066
:10B55000CBFF51A3D3E9002302F010FE06460F46AD
:10B56000284602F057FF4EA3D3E9002302F0BCFFA8
:10B5700002460B463046394602F000FE06460F46AC
:10B5800003F062FA002281460890002330463946D3
:10B5900003F01CFA002840F0FD81A8EB0508089D87
:10B5A000162D08F1FF3A00F2A481424B03EBC503CC
:10B5B000DDE90201D3E9002303F008FA002800F0D6
:10B5C00081806B1EBAF1000F08934FF000031193B6
:10B5D000C0F2958100230A93089B002B78DA089B20
:10B5E0000A9A0B93D21A0A925A4200231092089395
:10B5F000269B092B74D8052B40F3DF81043B0025E3
:10B600002693269B023B032B00F28786DFE813F08C
:10B61000FF03FC03F203D803012329F000492B6048
:10B62000214BCDF8149033EA09037FF448AFC9F3F6
:10B63000130942F20F73289A59EA060913601DD0C4
:10B640002A9BDFF87880002B3FF44FAF08F103030B
:10B650002A9A404613601DB0BDE8F08FDDE9021262
:10B66000CDF85080A5F2FF35C2F313030846DDF88C
:10B67000688043F07F5141F4401161E72A9BDFF875
:10B680004080002B3FF431AF08F10803E0E700BF32
:10B6900061436F63A787D23FB3C8608B288AC63FD8
:10B6A000FB799F501344D33F0000F07F3D0E1018EC
:10B6B0000000F83F402D10183C0E1018940E101882
:10B6C000880E1018B8F1000F40F31A8511900A90F7
:10B6D000089B9A440B9300231093269B092B8AD92D
:10B6E00000230125CDE926334FF0FF330C95099354
:10B6F0000021099BE1631593204600F047FE079067
:10B70000002800F01286099B0E2B8CBF002505F047
:10B710000105079BA363002D00F01E810B990029F2
:10B7200040F35C81A64B01F00F02C8054FEA2115DA
:10B7300003EBC203D3E9006740F12183A14B05F07D
:10B740000F054FF00308D3E90823DDE9020102F0F9
:10B75000F5FFCDE90E018DB1DFF86892E90709D553
:10B760003046394608F10108D9E9002302F0BCFE51
:10B7700006460F466D1009F10809EFD132463B46E7
:10B78000DDE90E0102F0DAFFCDE91201119B53B1A0
:10B7900000228D4BDDE912673046394603F016F979
:10B7A000002840F0B484404602F034FEDDE9122364
:10B7B00002F09AFE854B002202F0E0FC099B06464F
:10B7C000A1F15077002B00F0AE800B9B0E93099BEC
:10B7D00018937B4AB046189BB94602EBC303DDE9D8
:10B7E000126713ED027B394630468DED167B03F070
:10B7F0002BF9054602F00EFE02460B46304639464E
:10B80000303502F0B9FC079B0F460C995A1C0646CE
:10B81000EDB21292DDE91623002900F0FB82002030
:10B820006B4902F08BFF42464B4602F0A5FC079B9A
:10B83000324680461D703B46894603F0E5F80028F5
:10B8400040F05385CDF864A00025CDF858B0DDF860
:10B8500048A0DDF860B018942AE001355D4580F21B
:10B86000CD844046494600225A4B02F03DFE00225C
:10B87000584B804689463046394602F035FE0F4621
:10B88000064603F0E1F8044602F0C4FD02460B460A
:10B8900030343046394602F06FFC42464B460AF8D7
:10B8A000014B06460F4603F091F8002840F0AD84A6
:10B8B00032463B460020444902F05EFC42464B467D
:10B8C00003F084F80028C8D0DDF858B05546189C1D
:10B8D000079902E0A94200F06D842A4615F8013D5F
:10B8E000392BF7D00133DBB22B70DDF81C800792C7
:10B8F0001BE10123BAF1000F1193BFF66BAEC8F143
:10B9000001034FF0000A0A9366E6404602F082FD0A
:10B91000DDE9122302F0E8FD00222C4B02F02EFCA0
:10B920000646A1F1507700222B4BDDE9120102F00F
:10B9300023FC32463B468046894603F065F80028E2
:10B9400040F0188440464946324607F1004303F070
:10B950003DF8002840F085811B9B002B03DB0B9AF0
:10B960000E2A40F361810C9A002A68D0269A012A97
:10B9700040F3F583099B109A5D1EAA42C0F22C8306
:10B98000002BA2EB050580F27D84DDE90923A3EB02
:10B9900002082EE3484602F03DFD32463B4603F0E6
:10B9A0000BF800287FF4F9AD09F1FF330893F4E5B3
:10B9B000C3F1200306FA03F0BBE5012521E600BF31
:10B9C000402D1018182D10180000F03F00001C40EA
:10B9D0000000E03F000024400000144000F0F4822A
:10B9E0000B9B5E42B24B06F00F0203EBC203DDE994
:10B9F0000201D3E9002302F077FD3611CDE90E01F3
:10BA000000F06584AB4F00234FF00208CDE912012E
:10BA1000F20706D508F10108D7E9002302F064FD1A
:10BA20002B46761007F10807F2D1CDE91201002B61
:10BA30007FF4ACAE9DED0E7B8DED127BA6E6002370
:10BA4000109DDDF828801E460C93B8F1000F0DDD27
:10BA5000BAF1000F0ADDD04543460A9AA8BF534603
:10BA6000D21AA8EB0308AAEB030A0A92109B53B15F
:10BA70000C9B13B1002D40F0D0825946109A2046FD
:10BA800000F03AFE83460121204600F055FD089B58
:10BA90000746002B40F05E81269B012B40F3768108
:10BAA0000123534413F01F0308D0C3F12002042ADA
:10BAB00000F3688208D0C3F13C0300E01C230A9A1B
:10BAC00098449A441A440A920A9B002B05DD594671
:10BAD0001A46204600F06AFE8346BAF1000F05DDE3
:10BAE00039465246204600F061FE0746269B022B4F
:10BAF000119BD4BF00250125002B40F0B580099B88
:10BB0000002B26DC2DB3099B002B00F03E82279BE7
:10BB1000DDF81C80DB430E933946204600F05CFCC8
:10BB20001EB13146204600F057FC5946204600F031
:10BB300053FC00220E9B079901330A70289A136068
:10BB40002A9B002B3FF4D1AC404619601DB0BDE8E4
:10BB5000F08F0C9B002B00F0A480B8F1000F05DDE6
:10BB600031464246204600F021FE0646089B002B47
:10BB700040F02D83B146079D099A6B1E02971A4427
:10BB8000049B03F0010309920A9302995846FFF7B8
:10BB9000DBFB31468246584600F07CFE0299804627
:10BBA0004A4620460AF1300700F096FEC368014677
:10BBB000002B40F04D820890584600F06BFE08992B
:10BBC0000890204600F008FC269B089A134340F09A
:10BBD0007B820A9B002B00F05E83B8F1000FC0F25D
:10BBE0005783099BA846AB4208F8017B00F03D83D0
:10BBF000594600230A22204600F0F8FB4E458346B2
:10BC000031464FF000034FF00A02204600F0568202
:10BC100000F0ECFB4946064600230A22204600F0CD
:10BC2000E5FB45468146B0E7214B03EBC203D3E970
:10BC3000009A279B002B80F20682099B002B00F3C1
:10BC4000028273B900221C4B4846514602F04CFC5C
:10BC500002460B46DDE9020102F0C2FE002800F0B8
:10BC6000898200273E4652E73946584600F012FEC8
:10BC70000028BFF644AF0B9B59460A222046013BE1
:10BC80000B93002300F0B2FB0C9B8346002B40F08B
:10BC90000D83159B002B159B099302DC002D7FF46F
:10BCA00032AFDDF81C800125DDF824900EE000BFE6
:10BCB000402D1018182D101800001440594600236C
:10BCC0000A22204600F092FB013583463946584649
:10BCD000FFF73AFB4D4500F1300308F8013BEDDB7F
:10BCE000099A0025002ACCBF90464FF00108079A18
:10BCF0009044594601222046029300F057FD3946F0
:10BD0000834600F0C7FD002840F33982079A02E01D
:10BD1000904500F0438218F8013CC24608F1FF3814
:10BD2000392BF5D0013388F800300B9B0E93394640
:10BD3000204600F051FB002E00F037822DB1B542B5
:10BD400003D02946204600F047FBDDF81C80CDF8E3
:10BD50001CA0E6E601461A46204600F0CDFC269BD4
:10BD60000746012B40F34B81002308933B6907EB07
:10BD70008303186900F08CFBC0F1200391E69DED70
:10BD8000027B4FF002088DED0E7BE4E4049B002B58
:10BD90007FF486AEDDE90412C2F31303002B7FF4B7
:10BDA0007FAEC24B13402BB10A9B0AF1010A01334B
:10BDB0000A930123089A0893002A3FF471AED5E74D
:10BDC00001230C93279B0B9A134415930133012BEA
:10BDD0001E460993B8BF0126172E40F39482012214
:10BDE00004235B001146013203F11400B042F8D97C
:10BDF000E16381E401230C93279B002B40F37B81BB
:10BE00001E4615930993E7E700230C93DAE7002316
:10BE10000C93F1E74046494602F066FB079B1D7014
:10BE2000189B012BCDE90C0100F03E82189D079B69
:10BE3000DDF848801D4400229D4B3046394602F013
:10BE400053FB0F46064602F0FFFD814602F0E2FA80
:10BE500002460B4609F130093046394602F08CF9AA
:10BE600008F8019B454506460F46E4D10022914B58
:10BE7000DDE90C894046494602F080F932463B46EE
:10BE800002F0A4FD002840F09F8142464B4600206E
:10BE9000884902F071F932463B4602F0B5FD0028B0
:10BEA00040F08C801B9B002BFFF6C9AD0B9B0E2B2B
:10BEB0003FF7C5AD804B0B9ADDF81C8003EBC20346
:10BEC000D3E9009ADDE902674A46534630463946CF
:10BED00002F034FC02F0B8FD054602F09BFA4A4637
:10BEE000534602F001FB02460B463046394602F04B
:10BEF00043F905F13003079A1370099B012B129B3C
:10BF000000F0F881C3F10102CDF808B0CDF810803F
:10BF1000984608941446DDF824B01DE04A4653467E
:10BF20003046394602F00AFC02F08EFD054602F06A
:10BF300071FA4A46534602F0D7FA0B460246394692
:10BF4000304602F019F905F1300308F8013B08EB1F
:10BF500004035B4500F063810022554B02F0C4FAF4
:10BF60000022002306460F4602F026FD0028D5D009
:10BF7000CDF81C80DDF808B0DDF81080089C0B9B24
:10BF80000E93D2E5C3F11C0399E5394605222046FC
:10BF900000F02CFA07465846394600F07BFC002892
:10BFA0007FF7B5ADDDF81C80079B013307930B9B32
:10BFB00001330E93312388F80030ADE52A4615F899
:10BFC000013D302BFAD090E49DED027B4FF002084A
:10BFD0008DED127BFFF7DABB109B089AEB1A1095D8
:10BFE00000251A44099B08929A440A9A90461A44DA
:10BFF0000A920121204600F09FFA064625E5049B9F
:10C00000002B7FF4B1AEDDE90401C1F313030A464E
:10C01000002B3FF4C6AE0890A8E631462A462046DB
:10C0200000F06AFB06465A462046314600F0B2FA56
:10C0300059468346204600F0CFF9109B5B1B1093B6
:10C040003FF421AD19E5079B5A1C9846129239E737
:10C0500020460897029F00F0BFF9B8F1000F089B37
:10C0600008DB049A269902F0010241EA080852EA24
:10C0700008023AD1594601222046029300F096FB6D
:10C080003946834600F006FC0028029B40F32781D6
:10C09000392B00F0EF800AF13103AA460AF8013B80
:10C0A00035460B9B4E460E9341E600BF0000F07FE5
:10C0B000000024400000E03F402D101800F096F9E9
:10C0C00045460646814660E5B8F1000FC0F21F8183
:10C0D000269B43EA08080A9B53EA080800F01781E8
:10C0E000002A7FF77EAD3B46029F392B00F0C280CD
:10C0F000AA460133D2E7012327930993FFF7F8BA41
:10C10000C8F10103824611900A93FFF7E1BA099B37
:10C11000002B3FF4FAAB159D002D7FF71DAC0B9B58
:10C12000304639460022013B0E93894B02F0DCF980
:10C1300002460F4608F101001646CDE9126702F0EB
:10C1400069F932463B4602F0CFF90022814B02F0FA
:10C1500015F818950646A1F15077FFF73ABB149AE7
:10C1600072B303F233430A9A9A44109D90461A44DC
:10C170000A923EE70027DDF81C803E4614E703D113
:10C18000029BDB073FF5C2AD18F8013CC24608F13F
:10C19000FF38302BF8D00B9B0E93C8E50B9B079A0A
:10C1A00001330E9331231370C1E5DDF81C80CDF807
:10C1B0001CA0BAE40E9B01330E933123FFF794BB0E
:10C1C0001A9BC3F13603CEE70799FFF786BB716868
:10C1D000204600F0DBF80546002800F08D8033692A
:10C1E00006F10C010C3002339A00FCF779F829466D
:10C1F0000122204600F0DAFA8146BCE4DDF864A0B2
:10C20000DDF858B0189CFFF7A7BBDDF81C80DDF8FF
:10C2100058B0189CCDF848A0CDF81CA085E4CDF806
:10C220001C80DDF808B0DDF81080089C02460B4643
:10C2300001F0A4FF4A46534606460F4602F0E4FBCF
:10C2400058B94A4653463046394602F0B5FB0028F5
:10C250003FF495AEE9077FF592AE0B9B4146079DF3
:10C260000E93CDF81C80FFF738BB3B463546029F46
:10C270004E463EE5A84639233546079A4E4608F80D
:10C28000013B48E50A9A9A4490461A440A92B0E65D
:10C290003B46029F01E73B46029F392BEAD0B8F1AB
:10C2A000000F3FF7F8AEF8E6129DDFE531460023B8
:10C2B0000A22204600F09AF8159B0646002B159B93
:10C2C00009933FF74AAC002D7FF41DAC45E49DED8A
:10C2D0000E7B4FF002088DED127BFFF757BA7FF40B
:10C2E000DCAEDA077FF5D9AED2E6129BDDF81C8012
:10C2F00007931AE4079399E70246174B40F2EF21A0
:10C30000164800F097FE0021E163FFF7F5B9002A17
:10C310003B46029F3FF7AEAEBFE6002520462946CA
:10C32000E56300F033F8079030B90B4B002240F280
:10C33000AF110A4800F07EFE079B01222795A363F8
:10C340004FF0FF330C9215930993FFF705BB00BF25
:10C350000000244000001C40980E1018AC0E10186D
:10C3600082B049B15AB16BB113780B601278101ECC
:10C3700018BF012002B0704701A9002AF3D110466E
:10C3800002B070476FF00100F4E700BF38B5436CAE
:10C3900005460C464BB153F8240080B1026843F8BF
:10C3A00024200023C0E9033338BD2122042100F0FA
:10C3B0005FFE034668640028EDD1002038BD0121EE
:10C3C000284601FA04F56A1D920000F051FE00288B
:10C3D000F3D0C0E90145E4E731B1436C4A6853F852
:10C3E0002200086043F82210704700BF2DE9F04199
:10C3F00007460E461C460D6901F1140E0020DEF8BA
:10C40000001001308BB285424FEA114102FB034319
:10C410004FEA134C9BB202FB01CC03EB0C434FEAF7
:10C420001C444EF8043BEADC3CB1B368AB4207DD88
:10C4300006EB850301355C6135613046BDE8F0816E
:10C44000716838460131FFF7A1FF8046A8B1326913
:10C4500006F10C010C3002329200FBF741FF7B6CBD
:10C46000726853F82210316043F82260464606EBAA
:10C47000850301355C613561DFE70246024BBA2175
:10C48000024800F0D7FD00BF980E1018080F1018D2
:10C49000B0F5803F034618D203041020B3F1807F2B
:10C4A00001D208301B02B3F1805F01D204301B01BE
:10C4B000B3F1804F03D3002B06DB013070479B00A4
:10C4C00005D45B0005D4202070470020E6E7023049
:10C4D00070470330704700BF0368014613F007023E
:10C4E00007D0DA071FD4980721D55B0801200B601D
:10C4F000704798B2A0B11046DAB20AB908301B0AE8
:10C500001A0701D104301B099A0701D102309B0898
:10C51000DA0703D45B0800F1010006D00B60704716
:10C520001B0C1020E8E700207047202070479B0874
:10C5300002200B60704700BF38B5436C04460D46BF
:10C540004BB15868B0B102685A60002201234561BE
:10C55000C0E9032338BD2122042100F089FD0346F0
:10C5600060640028EDD1094B002240F245110848D3
:10C5700000F060FD1C220121204600F079FD00281A
:10C58000F1D001220223C0E90123DEE7980E101842
:10C59000080F10182DE9F04FD1F8108085B01569FB
:10C5A0000E469246A84505DB2A46534645468A462E
:10C5B00090461E4605EB0804DAE90113A342B8BF12
:10C5C0000131FFF7E3FE002800F08B8000F1140733
:10C5D00007EB840E774505D23B46002243F8042B37
:10C5E0009E45FBD814360AF1140906EB880809EBBE
:10C5F0008505464568D2A5EB0A030AF1150ACDF870
:10C6000008E0AE46153B039423F00303043355457D
:10C610002CBF9B464FF0040B824605E0090C2CD141
:10C62000B04507F104074CD956F8041B8DB2002D14
:10C63000F4D0CC463C46002301965CF8040B2168FC
:10C6400086B2E6458AB24FEA104005FB06224FEA61
:10C6500011411A4405FB001101EB124192B24FEA5D
:10C66000114342EA014244F8042BE6D8019E47F800
:10C670000B3056F8041C090CD2D03B680022484607
:10C680003D461C46944602889BB201FB02C202EB67
:10C69000144243EA024345F8043B50F8043B2C683B
:10C6A0004FEA134C7045A3B201FB0C3303EB12436A
:10C6B0004FEA134CE7D3B04547F80B3007F10407B6
:10C6C000B2D85046DDE902E4002C02DC05E0013C72
:10C6D00003D05EF8043D002BF9D0046105B0BDE83D
:10C6E000F08F0246024B4FF4B171024800F0A2FCF9
:10C6F000980E1018080F101812F003032DE9F041DE
:10C70000144607462CD10D46A4101CD03E6C86B3AF
:10C71000E3074FF0000806D4641014D03068A8B1C5
:10C720000646E307F8D5324629463846FFF732FF7A
:10C7300035B17B6C696853F821202A6043F8215099
:10C7400064100546EAD12846BDE8F08132463146FC
:10C750003846FFF71FFF30600646C0F80080E0E76C
:10C76000013B0F4A52F823200023FFF73FFE054606
:10C77000CAE701213846FFF709FE064640B101230A
:10C7800040F27122C0E90432002338640360BFE73D
:10C790000246044B40F24511034800F04BFC00BF39
:10C7A000082D1018980E1018080F10182DE9F047D2
:10C7B0000C46904606464FEA62192769A36807EBC4
:10C7C000621749687D1C9D4203DD5B0001319D427B
:10C7D000FBDC3046FFF7DAFD002850D0B9F1000F3E
:10C7E00000F1140C0EDD09F10502634600214FEA49
:10C7F000820E00EB820243F8041B9342FBD1AEF1A0
:10C8000014039C4404F11403216918F01F0803EB7E
:10C8100081012BD0C8F12009E6464FF0000A1A68C2
:10C8200002FA08F242EA0A024EF8042B53F8042BEB
:10C83000994222FA09FAF2D80B1B04F11502153BB2
:10C8400023F003030433914238BF04234CF803A0C0
:10C85000BAF1000F00D13D46736C6268056153F870
:10C860002210216043F82240BDE8F087ACF1040CAF
:10C8700053F8042B99424CF8042FF9D8EBE7024601
:10C88000024B4FF4EF71024800F0D4FB980E1018E1
:10C89000080F101884460B690069C01A16D10CF1F4
:10C8A000140C14310CEB830201EB830310B401E090
:10C8B000944508D252F8044D53F8041D8C42F7D029
:10C8C00005D24FF0FF305DF8044B704770470120F0
:10C8D0005DF8044B704700BF2DE9F04F15460A691B
:10C8E00083B088462B69D21A002A40F08B8001F170
:10C8F000140605F1140101EB830106EB830302E04A
:10C900009E4280F0828053F8044D51F8042D9442E9
:10C91000F6D078D32B460024454698466968FFF741
:10C9200035FD002800F08C802E6905F1140B08F10C
:10C93000140ED8F8103000F1140A05F110020EEBB5
:10C9400083094FF0000C0BEB86015746C460CDF80D
:10C9500004B05EF8044B52F8045F1FFA84FBF14503
:10C96000ABB24FEA1444A3EB0B03C4EB154463448E
:10C9700004EB23449BB24FEA244C43EA044347F8B8
:10C98000043BE6D8A9EB080408F11508DDF804B06B
:10C99000C145A4F1150434BF4FF000084FF0010861
:10C9A000A408B8F1000F04F101024FEA820208BFA7
:10C9B00004220BEB02055244A94231D917462C46FA
:10C9C00054F8043B1FFA83F8A1424FEA134E634424
:10C9D000C4449BB20EEB2C4C43EA0C434FEA2C4C64
:10C9E00047F8043BECD80139491B21F003010A4404
:10C9F00023B952F8043D013E002BFAD0066103B082
:10CA0000BDE8F08F86DA012488E70021FFF7BEFC3D
:10CA100078B101220023C0E9042303B0BDE8F08F00
:10CA2000B8F1000F4FEA840408BF00240AEB0402A7
:10CA3000DEE70246064B40F23721064800F0FAFADC
:10CA40000246034B40F24521024800F0F3FA00BFD2
:10CA5000980E1018080F1018F0B5012183B0164673
:10CA60001F46FFF793FC0546002849D0C7F30A5438
:10CA7000C7F313030CB143F48013002E019315D1B7
:10CA800001A8FFF729FD0199012200F12003696146
:10CA90002A611CB3A4F23344C3F135001C44089B43
:10CAA0001C60099B1860284603B0F0BD68460096DC
:10CAB000FFF712FD019A034600B3C0F1200102FA0C
:10CAC00001F1C240009801920143002AC5E9051214
:10CAD0000CBF012202222A61002CDBD1A3F23243D7
:10CAE000089805EB820103600869FFF7D1FC099BF8
:10CAF000C0EB42101860284603B0F0BD0099E4E78F
:10CB00000246034B40F20F31024800F093FA00BF97
:10CB1000980E1018080F10182DE9F04F164683B024
:10CB2000002900F09E800C4606F10B058046FCF7BC
:10CB3000EBF854F8040C162DA4F1080920F00307B3
:10CB400062D8102200231546B542C0F0A280002B07
:10CB500040F09F80974261DADFF828B309EB0701C4
:10CB6000DBF80830D1F804C08B4200F097802CF03D
:10CB700001030B445B68DB0768D42CF0030C07EB64
:10CB80000C03934245DAC30712D454F8083CA9EBCE
:10CB9000030ADAF8043023F0030084440CEB070B9B
:10CBA0005A4540F3FE8007EB000B5A4540F3D48012
:10CBB00031464046FBF7FEFD0646002800F029817D
:10CBC00054F8043CA0F1080223F001034B449342C3
:10CBD00000F0B1803A1F242A00F2DF80132A00F20D
:10CBE000B080034622461168196051685960926806
:10CBF0009A6021464046FBF7E1FC4046FCF78AF884
:10CC0000304603B0BDE8F08F25F007052A46EB0F4C
:10CC10009AE71F46D1E90223D3609A60781BD9F8BE
:10CC2000043009EB07020F2803F001031FD83B4330
:10CC3000C9F80430536843F0010353602646404668
:10CC4000FCF768F8304603B0BDE8F08FC307AFD4F7
:10CC500054F8083CA9EB030ADAF8043023F0030087
:10CC6000A1E7114603B0BDE8F04FFBF7A3BD2B438E
:10CC700009EB050140F00100C9F80430083141F822
:10CC8000040C4046536843F001035360FBF796FCE5
:10CC9000D4E70C23C8F800300026D3E72CF0030CAF
:10CCA00005F110010CEB07038B4280F29280C00764
:10CCB0003FF57EAF54F8083CA9EB030ADAF80430DC
:10CCC00023F0030084440CEB070399423FF76BAF5A
:10CCD0003A1F5646DAF80C1056F8080F242AC1609D
:10CCE000886000F2B080132A40F2AB8021681B2AD2
:10CCF000CAF808106168CAF80C1000F2AB8008345A
:10CD00000AF110022168116061685160A1689160A8
:10CD10005B1B0AEB0502404643F00103CBF80820F9
:10CD20005360DAF8043003F001032B43CAF80430EF
:10CD3000FBF7F0FF86E750F8043C23F003031F44A1
:10CD40006CE723681B2A03606368436036D804F1EC
:10CD5000080200F1080346E73A1F5646DAF80C309D
:10CD6000242A56F8081FCB60996022D8132A1ED9AE
:10CD700023681B2ACAF808306368CAF80C303CD80C
:10CD800008340AF1100322681A6062685A60A268C7
:10CD90009A6034465F46D14640E72146FEF752F995
:10CDA00027E7D1E902133A1FCB609960D5E73346F4
:10CDB000E9E721463046FEF745F9EAE7A368242A69
:10CDC0008360E368C36028D004F1100200F110030F
:10CDD00009E75B1B09EB05024046264643F00103C9
:10CDE000CBF80820536054F8043C03F001032B43B4
:10CDF00044F8043CFBF78EFF24E7A368242ACAF812
:10CE00001030E368CAF8143010D010340AF1180357
:10CE1000B9E74046FBF77EFF3EE7236904F11802BD
:10CE200003616369436100F11803DCE62369183488
:10CE3000CAF8183054F8043CCAF81C300AF1200330
:10CE4000A1E732465EE7214630460193FEF7FAF845
:10CE5000019B5DE7A168242ACAF81010E168CAF8AE
:10CE6000141003D010340AF118024BE72269183469
:10CE7000CAF8182054F8042CCAF81C200AF1200221
:10CE800040E700BFF0760334034649B1FF2A02D8D9
:10CE900001200A7070478A224FF0FF301A607047F5
:10CEA0000846704770B5054684B05BB11C460F4B11
:10CEB000D3F8E060234669B12846B047431C0FD041
:10CEC00004B070BD094B00F58274D3F8E0602346CE
:10CED0000029F1D10A46284601A9B047431CEFD1E9
:10CEE00000228A2322602B6004B070BDF87A0334DC
:10CEF00010B582B0049C00934FF0FF33019400F012
:10CF00006DF902B010BD00BFB1F90C302DE9F04150
:10CF10000C46990796B008D504F14303012223601B
:10CF2000C4E9043216B0BDE8F081B4F90E1006462B
:10CF3000002926DB6A4600F055F800281FDB019D1A
:10CF40004FF480684FF4006705F47045A5F500556F
:10CF5000B5FA85F56D0941463046FBF72BFCE8B183
:10CF6000B4F90C30C4F8148043F0800320602061D1
:10CF7000A3813DBB3B43A38116B0BDE8F081B4F96A
:10CF80000C3013F0800519D04FF0400800253046D2
:10CF900041462F46FBF70EFC0028E1D1B4F90C30D6
:10CFA0009A05BFD423F0030304F14302012143F0A7
:10CFB00002032260C4E90421A381B3E74FF480682F
:10CFC0002F46C8E7B4F90E10304600F021F810B92A
:10CFD000B4F90C30CEE7A38923F0030343F0010337
:10CFE0001BB2C7E770B50C460346084D0026204625
:10CFF00011461C462E60FAF72BFE431C00D070BD74
:10D000002B68002BFBD0236070BD00BF447F03342E
:10D0100038B50022064D044608462A60FAF740FE5D
:10D02000431C00D038BD2B68002BFBD0236038BDDB
:10D03000447F03340A4D14461A4603462E680D46B3
:10D0400000B5F06885B044B106490095CDE90114FA
:10D05000054900F0D5F8FAF737FE04490C46F4E725
:10D060009C750334640F1018740F1018F40D101809
:10D0700038B5A1FB021434BBFBF79CFB054630B36B
:10D0800050F8042C22F00302043A242A0CD8132A64
:10D090000FD91B2AC0E9004412D9242AC0E902444E
:10D0A00018D000F1100205E02146FAF7C7FF284624
:10D0B00038BD024600232846C2E90033936038BDDC
:10D0C00000F10802F6E7FBF7D5F80C230360002512
:10D0D000284638BD00F11802C0E90444EAE700BF61
:10D0E0002DE9F04F8BB086461E46DDE9157A002FFC
:10D0F0005AD0156800295CD0149B002B69D0741E8F
:10D100004EB3043D0026DDF850B004910391059222
:10D11000CDE9015E0BE0039B0BBB019B1868002867
:10D1200036D0DC4557D2013C6646631C13D00199CA
:10D130003B46029851F8042FDAF8E050019107A914
:10D14000D7E90098A847421C37D000EB060CDC4515
:10D15000E1D9C7E9009830460BB0BDE8F08F002850
:10D160000EDD049B07A9019D18445A1E00F1FF3EE5
:10D1700011F8013B02F8013F7245F9D10195049085
:10D18000059B1A6804321A60019B18680028C8D1F0
:10D190000399059A01B110600CF1FF360022304668
:10D1A0003A600BB0BDE8F08F00F58677156800296E
:10D1B000A2D14FF0FF331493A1E70646DDF808E053
:10D1C0008A2100223046CEF800103A600BB0BDE84C
:10D1D000F08F149EBFE76646BDE700BF10B584B070
:10D1E000054C069800900798019004480068029446
:10D1F000FFF776FF04B010BDF87A03349C75033452
:10D200000EB410B583B0074C014605AB206853F847
:10D21000042B019300F008F803B0BDE8104003B000
:10D22000704700BF9C7503342DE9F04FC9B08246AA
:10D230001C4618AF059107920021082238460B932F
:10D24000FAF7FCFEBAF1000F04D0DAF83430002B04
:10D2500000F03F86059B5A6EB3F90C30D00702D41C
:10D26000990540F1FA849E0406D4059943F40053CD
:10D2700022F400528B814A66950400F1CE86059A0D
:10D28000B2F90C30190740F1CC801269002A00F085
:10D29000C88003F01A020A2A00F0D2800023DFF8C7
:10D2A00018B99C46CDE91D331FABCDF83CC0CDF875
:10D2B00020C099461C93CDF838C0CDE910CC079D0D
:10D2C000DBF8E440FDF73EFF2A46034616A9504628
:10D2D0000097A0470028034600F0D180C0F2C78025
:10D2E000169A252A01D01D44EAE7079B0446EE1A48
:10D2F00040F0C98000234FF0FF326C1C69788DF834
:10D3000053300993069203930134A1F120035A2B61
:10D3100000F2FA80DFE813F06902F800F800630217
:10D32000F800F800F8006A00F800F800E701F801DA
:10D33000F800F2010302F800FD015B005B005B00F6
:10D340005B005B005B005B005B005B00F800F800CB
:10D35000F800F800F800F800F800F800F8009B0169
:10D360007302F800F800F800F800F800F800F80080
:10D37000F800F800F8001E02F800F800F800750147
:10D38000F8009602F800F800DC04F800F800F80055
:10D39000F800F800F800F800F800F800F8009B0129
:10D3A000BE01F800F800F8008D02BE017F00F80011
:10D3B000F302F800E402DA04CC027F00F800750101
:10D3C0007D00D704F800F800FE04F8007D00A1F10C
:10D3D0003003002202EB820214F8011B03EB42022D
:10D3E000A1F13003092BF5D909928EE75046FDF7DC
:10D3F000AFFE436818461093FAF7E8FF1190054610
:10D400005046FDF7A5FE83680F9315B1002B40F041
:10D410004E84217878E7039B217843F0200303931F
:10D4200072E7059D50462946FDF7AAFD002840F009
:10D430001286B5F90C3003F01A020A2A7FF42EAFD7
:10D440000599B1F90E20002AFFF628AF4A6ED607DB
:10D4500002D49D0540F1B9852346079A05995046A7
:10D4600000F018FE0890089849B0BDE8F08F082237
:10D4700000213846FAF7E2FD01231D4420E7079B0F
:10D480000446EE1A12D0079BC9E900361E9B3344AE
:10D490001E931D9B0133072B1D9311DC09F1080915
:10D4A000089B33440893002C7FF424AF1E9B002B71
:10D4B00040F0A6850022059B1D92B3F90C3018E0C0
:10D4C0001CAA05995046FDF7A5FA78B90DF17C091B
:10D4D000E6E71CAA05995046FDF79CFA00287CD087
:10D4E0000A9B1BB10A995046FBF768F8059BB3F9F4
:10D4F0000C30059A526ED1077AD55B0600F19785FC
:10D50000089849B0BDE8F08F07940029CED00023D9
:10D510002FAC8DF8BC108DF85330012304930022FA
:10D520000A9206920C92039810F08406DDE91D2100
:10D5300005D10998049D451B002D00F39D829DF89F
:10D54000530078B1013201200131C9F80400072AE3
:10D550000DF15300CDE91D21C9F8000000F3C88288
:10D5600009F108090C9878B1013215A80231C9F8FF
:10D570000000072A4FF00200CDE91D21C9F8040080
:10D5800000F3C58209F10809802E00F0E9810698B0
:10D59000C51A002D00F3278201321944C9F8004052
:10D5A000072AC9F80430CDE91D2100F3598209F199
:10D5B0000809039B580705D5099B049A9C1A002C5F
:10D5C00000F3B4820498DDE908328242ACBF9B18B4
:10D5D0001B18089300297FF47CAF00231D930A9B3E
:10D5E0001BB10A995046FAF7E9FF0DF17C0966E68E
:10D5F0009A0582D4059CA06DFAF770FEB4F90C3040
:10D600007BE70B9E0023079456F8044B8DF85330AC
:10D61000002C00F07884532900F09683039B13F0CC
:10D62000100540F09183069B002BC0F2B2841A468D
:10D6300029462046FDF7C4FD0A90002800F0088521
:10D64000031B0A9523EAE372049200F08BBC0B9B48
:10D650004329079403F1040503D0039BDC0640F142
:10D660005D83082200211AA82FACFAF7E7FC0B9A79
:10D670001AAB504612682146FFF714FC0346581CAB
:10D6800000F0DA8423EAE372049200220B958DF80D
:10D69000532044E7039B0794990640F1B9800B9B04
:10D6A000073323F007031A46596852F8083B0B92D8
:10D6B0000A460029C0F22C8106990029C0F2358162
:10D6C000039921F08001039140F02F8153EA020178
:10D6D00014BF0121002140F028810B469DF8532002
:10D6E00048AC06912EE10B9B53F8042B002A0992BB
:10D6F00080F2AF82099A0B9352420992039B2178E0
:10D7000043F004030393FFE52B2321788DF8533076
:10D71000FAE5039B217843F080030393F4E5204668
:10D7200010F8011B2A2900F0A184A1F13003092B74
:10D7300000F26184002202EB820210F8011B03EB6D
:10D740004202A1F13003092BF5D942EAE273044603
:10D750000693DAE5039B079443F010030393039BBE
:10D7600013F0200200F055820B9B073323F00703D0
:10D7700019465A6851F8083B0B910399069C21F40D
:10D78000806000218C428DF8531074DA48AC03F0AD
:10D790000701DB08254643EA42733031D20804F81A
:10D7A000011D53EA0206F2D1302902D0C60700F16A
:10D7B000648248AB03901B1B069A9A42B8BF1A4674
:10D7C000049200220A92039A12F002020C923FF491
:10D7D000AAAE049A0232049202220C92A3E6039BA0
:10D7E000217843F0010303938EE59DF853302178AF
:10D7F000002B7FF489AD20238DF8533084E5039B03
:10D80000079443F010030393039B99063FF547AF3A
:10D810000B9A52F8043B0B92039AD20600F12A822B
:10D82000039A560640F1228243F3C0321BB21146DE
:10D830003FE72178039B682900F0788243F040039A
:10D84000039361E5039B079443F0100010F020025E
:10D8500000F0D0810B9B073323F0070319465A6869
:10D8600051F8083B0B9100218DF8531006990029BF
:10D87000C0F2BF83012120F08004039453EA020424
:10D8800040F09C81069D2C1E18BF0124002D40F005
:10D890009581002940F0848110F00103049300F089
:10D8A000A38130220DF21F1406918DF81F2183E70A
:10D8B000039B0B9A43F0020047F63003BB49ADF8D7
:10D8C000543052F8043B07940B9200220E91002131
:10D8D0008DF8531006990029C0F277810221CAE71A
:10D8E000039B07949C0640F1D1810B9B089A1B680F
:10D8F0001A60D2175A600B9B04330B93DFE4217834
:10D90000039B6C2900F0198243F010030393FBE49E
:10D910002D215B428DF8531062EB420206990029DB
:10D9200003DB039921F0800103910A2B72F10001BE
:10D9300080F0728230339DF853200DF21F148DF861
:10D940001F31012306999942B8BF19460491002A54
:10D9500000F04E8100220A92049A0132049232E7CA
:10D960000998049D451B002D7FF711AE102DDFF89F
:10D97000408226DD4846994643461026A0461C466E
:10D9800002E0103D102D17DD01321031072AC0E9E9
:10D990000046CDE91D2100F10800F2DD1CAA059921
:10D9A0005046FDF737F800287FF49AAD103D1FA8C8
:10D9B000102DDDE91D21E7DC4B468146204644461B
:10D9C000804601322944C9F80080072AC9F804506A
:10D9D000CDE91D2100F38282069809F10809C51AD4
:10D9E000002D7FF7D9AD102DDFF8C4812ADD284640
:10D9F000CC462546C14610269846044602E0103C17
:10DA0000102C19DD01321031694B072ACCE90036A0
:10DA1000CDE91D210CF1080CF1DD1CAA0599504639
:10DA2000FCF7F8FF0DF17C0C00287FF459AD103C99
:10DA3000102CDDE91D21E5DC204643462C46C84676
:10DA40000546E14601322944C9F80080072AC9F891
:10DA50000450CDE91D2100F3ED8009F108099BE593
:10DA60001CAA05995046FCF7D5FF00287FF438AD75
:10DA70001E990DF17C099CE54E48102D0D9028DD76
:10DA8000CC46129613944FF010089946059C064612
:10DA900002E0103D102D18DD01321031072ACCE9CB
:10DAA0000068CDE91D210CF1080CF2DD1CAA21460D
:10DAB0005046FCF7AFFF0DF17C0C00287FF410AD51
:10DAC000103D102DDDE91D21E6DC4B46E146DDE988
:10DAD000126401320D982944C9F80450072AC9F884
:10DAE0000000CDE91D2100F3878109F1080926E531
:10DAF0001CAA059950460D93FCF78CFF00287FF473
:10DB0000EFAC0DF17C090D9BDDE91D212AE51CAA76
:10DB1000059950460C93FCF77DFF00287FF4E0AC9C
:10DB20000DF17C090C9BDDE91D212DE5102C1D9BC1
:10DB300040F370821F4E1025DDF814800D9602E030
:10DB4000103C102C18DD01331031072BC9E900659A
:10DB5000CDE91D3109F10809F2DD1CAA4146504604
:10DB60000DF17C09FCF756FF00287FF4B9AC103C9E
:10DB7000102CDDE91D31E6DC01330D9A2144072B21
:10DB8000C9E90024CDE91D317FF71CAD1CAA059918
:10DB90005046FCF73FFF00287FF4A2AC1E9911E528
:10DBA00023460A9448AC069304930CE60C0E101816
:10DBB0000C2F10181C2F1018F87A033401293FF489
:10DBC000B4AE022903987FF4E1AD48AC0E9D03F09A
:10DBD0000F011B09695C43EA0273120904F8011D75
:10DBE00053EA0201F3D1E4E50A4648AC0B4606913C
:10DBF0000A92E8E50B9951F8043B0B9110F01001E3
:10DC00007FF431AE10F0400400F08E819BB20A46E2
:10DC100029E60B9951F8043B0B91039911F010017F
:10DC20007FF4ABAD039A12F0400000F075819BB217
:10DC30000A46A2E51CAA059950460693FCF7EAFE9F
:10DC400000287FF44DAC0DF17C09069BDDE91D2118
:10DC5000A2E421780B93FFF757BB059DA86DFAF757
:10DC60003BFBB5F90C306A6EFFF7FDBA039A9505D8
:10DC700000F18481DA1711461BE53023023D039041
:10DC800004F8013C48AB2C465B1B95E5039BD8068A
:10DC900000F13481039B590600F17681039B9A05BC
:10DCA00040F12C810B9B089A1B681A7023E60F9B8E
:10DCB00021781B78002B3FF427AB039B43F4806350
:10DCC0000393FFF721BB03980794BFE5079446E54C
:10DCD000B44B07940E93039B13F020027CD00B9B54
:10DCE000073323F0070318465A6850F8083B0B9097
:10DCF00053EA02000AD00398C40707D58DF85510DF
:10DD000040F00201039130218DF85410039921F461
:10DD10008060DCE5A44B07940E93DCE70B9B2FACF3
:10DD20001B688DF8BC3001230493AEE443F4007308
:10DD3000617801340393FFF7E7BA43F02003617879
:10DD400001340393FFF7E0BA082200211AA81794C0
:10DD5000FAF774F9069A002AC0F2F5800025CDF88A
:10DD600010909146A8460EE02FA95046FFF79AF86A
:10DD7000431C05F10405404400F05E81484507DC82
:10DD800000F062818046179A1AAB5259002AEBD1F3
:10DD9000DDF810904346002B00F0E280632B00F387
:10DDA000098100222FAC0A92082200211AA80493AC
:10DDB000FAF744F91AAB17AA214600935046049B80
:10DDC000FFF796F8049B834240F05B810022E25407
:10DDD00023EAE3720492C5E00B9850F8043B0B90E1
:10DDE000039810F0100083D1039A12F0400400F061
:10DDF000A2809BB202467BE71CAA059950460D9370
:10DE0000FCF708FE00287FF46BAB0DF17C090D9B3D
:10DE1000DDE91D21FFF793BB03994FF0000ECDF80C
:10DE200030A00DF5907C01F48061DDF83CA09846AF
:10DE3000CDF82890049107E0B8F10A0F72F10002C2
:10DE40003CD3B0462A46A44618EB020057490EF1CF
:10DE5000010E0CF1FF3440F100000B46A1FB001550
:10DE600025F0030101EB95014FF0CC35401AB8EBDA
:10DE7000000162F1000605FB01F503FB0655A1FB5D
:10DE8000036105230D4406F001017608A1FB031987
:10DE9000049B46EAC57609186D0830310CF8011C60
:10DEA000002BC9D09AF800107145C5D1FF29C3D005
:10DEB000B8F10A0F72F1000280F08C8048ABCDF807
:10DEC0003CA0DDF82890DDF830A01B1B9DF8532006
:10DED00038E55046F9F7B2FFFFF7BCB91CAA05991F
:10DEE00050460C93FCF796FD00287FF4F9AA0DF13B
:10DEF0007C090C9BDDE91D21FFF749BB0B9B089AB0
:10DF00001B681A60F7E4069B294C062B0B9628BF6A
:10DF100006230493FFF703BB039A12F400723FF445
:10DF20002CACDBB2024628E410F400723FF49BAC48
:10DF3000DBB2224697E4039A12F400723FF4D8AEA3
:10DF4000DBB22246D4E61AAB17AA50460093002350
:10DF50001946FEF7CDFF451C03466DD017941AE70E
:10DF600004930A939DF853201AB100220B9606924F
:10DF7000F2E40692CDE90B62FFF7D5BA43F3C01283
:10DF80005BB21146FFF795BB0B9B089A1B681A8082
:10DF9000B1E42046FAF71AFA20EAE07203460A953D
:10DFA0000492DFE7200E10180C0E1018CDCCCCCC4C
:10DFB000340E1018591C50460493FAF7FBFB049BCF
:10DFC0000446002838D00A90EEE6886DFAF786F904
:10DFD000FFF742BA119B1099E41A1A462046FAF745
:10DFE0007FF89AF801200AB10AF1010A4FF0000EF9
:10DFF00027E7039099E4002304460693FFF785B9C9
:10E000001CAA05995046FCF705FD00283FF452AACA
:10E01000FFF76CBA1E4A0D92AEE5D40707D4059BF4
:10E020009B89980503D4059B986DFAF757F94FF033
:10E03000FF330893FFF764BA059AB2F90C3043F046
:10E0400040039381FFF755BADDF81090069BA2E6D6
:10E05000069B049386E7059A536EDB07E7D4938902
:10E060009F05E4D4906DFAF739F9E0E70B9B6178EE
:10E07000044653F8042B42EAE2720B930692FFF730
:10E0800043B9059A938943F040039381FFF728BA77
:10E090001C2F1018F0B51F468B89ADF26C4D15463C
:10E0A00023F00203064616A80C46ADF80C301AAB56
:10E0B000009304934FF48063029305934B6E19937E
:10E0C000CB89ADF80E30CB6907934B6A09930023D7
:10E0D0000693FAF7FDF82A463B4669463046FFF7B5
:10E0E000A3F8051E07DB69463046FCF79FFD0028B4
:10E0F00018BF4FF0FF35BDF80C305B0603D5A38980
:10E1000043F04003A3811698FAF7E4F828460DF28D
:10E110006C4DF0BD054A0346106810B1034413600E
:10E120007047034803441360704700BF1C810334E9
:10E13000B8810334FEE700BF2DE9E04F2746A04633
:10E14000A146A246A346A446A2B02DEC000A84F341
:10E15000008825462646A447EFF3148515F0080FDE
:10E1600018BFB0EE400A3DEC000A22B0BDE8E08FD7
:10E1700081F0004102E000BF83F0004330B54FEA78
:10E1800041044FEA430594EA050F08BF90EA020FE5
:10E190001FBF54EA000C55EA020C7FEA645C7FEA78
:10E1A000655C00F0E2804FEA5454D4EB5555B8BF9B
:10E1B0006D420CDD2C4480EA020281EA030382EA0C
:10E1C000000083EA010180EA020281EA0303362D9E
:10E1D00088BF30BD11F0004F4FEA01314FF4801C71
:10E1E0004CEA113102D0404261EB410113F0004F83
:10E1F0004FEA03334CEA133302D0524263EB43033A
:10E2000094EA050F00F0A780A4F10104D5F1200ED7
:10E210000DDB02FA0EFC22FA05F2801841F1000132
:10E2200003FA0EF2801843FA05F359410EE0A5F106
:10E2300020050EF1200E012A03FA0EFC28BF4CF037
:10E24000020C43FA05F3C01851EBE37101F00045ED
:10E2500007D54FF0000EDCF1000C7EEB00006EEBFA
:10E260000101B1F5801F1BD3B1F5001F0CD3490884
:10E270005FEA30004FEA3C0C04F101044FEA4452DB
:10E2800012F5800F80F09A80BCF1004F08BF5FEA62
:10E29000500C50F1000041EB045141EA050130BD42
:10E2A0005FEA4C0C404141EB0101013C28BFB1F554
:10E2B000801FE9D291F0000F04BF01460020B1FA9F
:10E2C00081F308BF2033A3F10B03B3F120020CDA72
:10E2D0000C3208DD02F1140CC2F10C0201FA0CF050
:10E2E00021FA02F10CE002F11402D8BFC2F1200CB5
:10E2F00001FA02F120FA0CFCDCBF41EA0C0190406B
:10E30000E41AA2BF01EB0451294330BD6FEA0404B3
:10E310001F3C1CDA0C340EDC04F11404C4F120029E
:10E3200020FA04F001FA02F340EA030021FA04F3B0
:10E3300045EA030130BDC4F10C04C4F1200220FA07
:10E3400002F001FA04F340EA0300294630BD21FA45
:10E3500004F0294630BD94F0000F83F4801306BF0B
:10E3600081F480110134013D4EE77FEA645C18BFFF
:10E370007FEA655C29D094EA050F08BF90EA020F96
:10E3800005D054EA000C04BF1946104630BD91EA8E
:10E39000030F1EBF0021002030BD5FEA545C05D191
:10E3A0004000494128BF41F0004130BD14F58004D0
:10E3B0003CBF01F5801130BD01F0004545F0FE4144
:10E3C00041F470014FF0000030BD7FEA645C1ABF79
:10E3D000194610467FEA655C1CBF0B46024650EAB0
:10E3E000013406BF52EA033591EA030F41F40021DC
:10E3F00030BD00BF90F0000F04BF0021704730B562
:10E400004FF4806404F132044FF000054FF0000136
:10E4100050E700BF90F0000F04BF0021704730B5F7
:10E420004FF4806404F1320410F0004548BF4042CC
:10E430004FF000013EE700BF42004FEAE2014FEA21
:10E4400031014FEA02701FBF12F07F4393F07F4FFC
:10E4500081F06051704732F07F4208BF704793F0FF
:10E460007F4F04BF41F40021704730B54FF4607412
:10E4700001F0004521F000411CE700BF50EA010215
:10E4800008BF704730B54FF000050AE050EA0102BE
:10E4900008BF704730B511F0004502D5404261EB2E
:10E4A00041014FF4806404F132045FEA915C3FF46F
:10E4B000D8AE4FF003025FEADC0C18BF03325FEA0C
:10E4C000DC0C18BF033202EBDC02C2F1200300FABD
:10E4D00003FC20FA02F001FA03FE40EA0E0021FAE2
:10E4E00002F11444BDE600BF70B54FF0FF0C4CF4D0
:10E4F000E06C1CEA11541DBF1CEA135594EA0C0F82
:10E5000095EA0C0F00F0DEF82C4481EA030621EABC
:10E510004C5123EA4C5350EA013518BF52EA0335F7
:10E5200041F4801143F4801338D0A0FB02CE4FF0A9
:10E530000005E1FB02E506F00042E0FB03E54FF0D9
:10E540000006E1FB03569CF0000F18BF4EF0010ED1
:10E55000A4F1FF04B6F5007F64F5407404D25FEACD
:10E560004E0E6D4146EB060642EAC62141EA555180
:10E570004FEAC52040EA5E504FEACE2EB4F1FD0CC2
:10E5800088BFBCF5E06F1ED8BEF1004F08BF5FEA40
:10E59000500E50F1000041EB045170BD06F00046F2
:10E5A00046EA010140EA020081EA0301B4EB5C049F
:10E5B000C2BFD4EB0C0541EA045170BD41F4801197
:10E5C0004FF0000E013C00F3AB8014F1360FDEBFBC
:10E5D000002001F0004170BDC4F10004203C35DA98
:10E5E0000C341BDC04F11404C4F1200500FA05F31B
:10E5F00020FA04F001FA05F240EA020001F00042BC
:10E6000021F0004110EBD37021FA04F642EB060131
:10E610005EEA430E08BF20EAD37070BDC4F10C045B
:10E62000C4F1200500FA04F320FA05F001FA04F21F
:10E6300040EA020001F0004110EBD37041F100010B
:10E640005EEA430E08BF20EAD37070BDC4F1200516
:10E6500000FA05F24EEA020E20FA04F301FA05F27E
:10E6600043EA020321FA04F001F0004121FA04F226
:10E6700020EA020000EBD3705EEA430E08BF20EAF6
:10E68000D37070BD94F0000F0FD101F00046400030
:10E6900041EB010111F4801F08BF013CF7D041EAB2
:10E6A000060195F0000F18BF704703F000465200B6
:10E6B00043EB030313F4801F08BF013DF7D043EA87
:10E6C0000603704794EA0C0F0CEA135518BF95EA3D
:10E6D0000C0F0CD050EA410618BF52EA4306D1D1C4
:10E6E00081EA030101F000414FF0000070BD50EAE3
:10E6F000410606BF1046194652EA430619D094EA6D
:10E700000C0F02D150EA013613D195EA0C0F05D156
:10E7100052EA03361CBF104619460AD181EA0301AA
:10E7200001F0004141F0FE4141F470014FF0000062
:10E7300070BD41F0FE4141F4780170BD70B54FF0FD
:10E74000FF0C4CF4E06C1CEA11541DBF1CEA13557D
:10E7500094EA0C0F95EA0C0F00F0A7F8A4EB05045F
:10E7600081EA030E52EA03354FEA013100F0888056
:10E770004FEA03334FF0805545EA131343EA12631F
:10E780004FEA022245EA111545EA10654FEA0026D4
:10E790000EF000419D4208BF964244F1FD0404F58D
:10E7A000407402D25B084FEA3202B61A65EB0305E9
:10E7B0005B084FEA32024FF480104FF4002CB6EBA6
:10E7C000020E75EB030E22BFB61A754640EA0C0026
:10E7D0005B084FEA3202B6EB020E75EB030E22BF66
:10E7E000B61A754640EA5C005B084FEA3202B6EBA7
:10E7F000020E75EB030E22BFB61A754640EA9C0066
:10E800005B084FEA3202B6EB020E75EB030E22BF35
:10E81000B61A754640EADC0055EA060E18D04FEAF3
:10E82000051545EA16754FEA06164FEAC30343EA93
:10E8300052734FEAC2025FEA1C1CC0D111F4801F60
:10E840000BD141EA00014FF000004FF0004CB6E759
:10E8500011F4801F04BF01430020B4F1FD0C88BFF8
:10E86000BCF5E06F3FF6AFAEB5EB030C04BFB6EB03
:10E87000020C5FEA500C50F1000041EB045170BDF6
:10E880000EF0004E4EEA113114EB5C04C2BFD4EB23
:10E890000C0541EA045170BD41F480114FF0000EA7
:10E8A000013C90E645EA060E8DE60CEA135594EA23
:10E8B0000C0F08BF95EA0C0F3FF43BAF94EA0C0F26
:10E8C0000AD150EA01347FF434AF95EA0C0F7FF49B
:10E8D00025AF104619462CE795EA0C0F06D152EAEF
:10E8E00003353FF4FDAE1046194622E750EA4106D3
:10E8F00018BF52EA43067FF4C5AE50EA41047FF4E4
:10E900000DAF52EA43057FF4EBAE12E74FF0FF3C48
:10E9100006E000BF4FF0010C02E000BF4FF0010C19
:10E920004DF804CD4FEA410C7FEA6C5C4FEA430C92
:10E9300018BF7FEA6C5C1BD001B050EA410C0CBFE1
:10E9400052EA430C91EA030F02BF90EA020F002043
:10E95000704710F1000F91EA030F58BF994208BFAA
:10E9600090422CBFD8176FEAE37040F00100704767
:10E970004FEA410C7FEA6C5C02D150EA013C07D1BE
:10E980004FEA430C7FEA6C5CD6D152EA033CD3D009
:10E990005DF8040B704700BF8446104662468C4603
:10E9A0001946634600E000BF01B5FFF7B7FF002836
:10E9B00048BF10F1000F01BD4DF808EDFFF7F4FF5F
:10E9C0000CBF012000205DF808FB00BF4DF808EDEA
:10E9D000FFF7EAFF34BF012000205DF808FB00BF0D
:10E9E0004DF808EDFFF7E0FF94BF012000205DF82F
:10E9F00008FB00BF4DF808EDFFF7CEFF94BF0120E4
:10EA000000205DF808FB00BF4DF808EDFFF7C4FFDC
:10EA100034BF012000205DF808FB00BF4FEA410C25
:10EA20007FEA6C5C02D150EA013C0AD14FEA430C08
:10EA30007FEA6C5C02D152EA033C02D14FF0000045
:10EA400070474FF0010070474FEA410212F5001283
:10EA500015D211D56FF47873B3EB625212D94FEA25
:10EA6000C12343F0004343EA505311F0004F23FA0F
:10EA700002F018BF404270474FF00000704750EA64
:10EA8000013005D111F0004008BF6FF00040704721
:10EA90004FF00000704700BF4A0011D212F500127B
:10EAA00011D20DD56FF47873B3EB62520ED44FEAE6
:10EAB000C12343F0004343EA505323FA02F0704766
:10EAC0004FF00000704750EA013002D14FF0FF30A4
:10EAD00070474FF0000070477BB972B90029BEBF84
:10EAE00000204FF0004106E008BF00281CBF6FF077
:10EAF00000414FF0FF3000F0D7B9ADF1080C6DE9DF
:10EB000004CE002909DB002B1ADB00F04DF8DDF8FC
:10EB100004E0DDE9022304B07047404261EB4101AB
:10EB2000002B1BDB00F040F8DDF804E0DDE90223F8
:10EB300004B0404261EB4101524263EB4303704732
:10EB4000524263EB430300F02FF8DDF804E0DDE907
:10EB5000022304B0404261EB41017047524263EB33
:10EB6000430300F021F8DDF804E0DDE9022304B0FE
:10EB7000524263EB4303704753B94AB9002908BFB7
:10EB800000281CBF4FF0FF314FF0FF3000F08CB970
:10EB9000ADF1080C6DE904CE00F006F8DDF804E0F4
:10EBA000DDE9022304B070472DE9F04F099D0E46C0
:10EBB00004460F46002B47D18A429446B2FA82F3AC
:10EBC0005AD943B102FA03FCC3F120029F409C4092
:10EBD00020FA02F217434FEA1C461FFA8CFE220C61
:10EBE000B7FBF6F106FB117701FB0EF042EA074294
:10EBF000904208D91CEB020201F1FF3702D2904289
:10EC000000F23C813946121AA4B2B2FBF6F006FBC0
:10EC1000102200FB0EFE44EA0244A64508D91CEB74
:10EC2000040400F1FF3202D2A64500F22A81104608
:10EC300040EA0140A4EB0E0400211DB1DC4000239A
:10EC4000C5E90043BDE8F08F8B4205D90DB1C5E998
:10EC5000000100210846F5E7B3FA83F100294FD1FE
:10EC6000B342C0F00281824240F2FF800846002D8C
:10EC7000E8D0C5E90047E5E7002B40F0AF808A1AED
:10EC80004FEA1C4E1FFA8CF70121B2FBFEF60EFB79
:10EC90001620220C42EA004207FB06F090420FD9F0
:10ECA0001CEB020206F1FF382CBF4FF001094FF0B8
:10ECB0000009904203D9B9F1000F00F0DC8046460C
:10ECC000121AA4B2B2FBFEF00EFB102200FB07F7F3
:10ECD00044EA0244A7420FD91CEB040400F1FF32BE
:10ECE0002CBF4FF0010E4FF0000EA74203D9BEF12A
:10ECF000000F00F0C9801046E41B40EA06409CE784
:10ED0000C1F120048B4006FA01FC00FA01FE22FA50
:10ED100004F7E6408A401F4320FA04F34FEA1748FD
:10ED200043EA0C031FFA87FC4FEA1349B6FBF8F0DD
:10ED300008FB106649EA064600FB0CF9B1450ED9FE
:10ED4000BE1900F1FF3A2CBF4FF0010B4FF0000B42
:10ED5000B14503D9BBF1000F00F0A2805046A6EBED
:10ED600009061FFA83F9B6FBF8F308FB136603FBE9
:10ED70000CFC49EA0646B4450ED9BE1903F1FF382A
:10ED80002CBF4FF001094FF00009B44503D9B9F188
:10ED9000000F00F08280434643EA0040A6EB0C06D9
:10EDA000A0FB028C66454346E14602D307D1C64527
:10EDB00005D2B8EB02036CEB070C0138E1465DB1FC
:10EDC000BEEB030266EB090606FA04F422FA01F32D
:10EDD000CE401C43C5E90046002133E702FA03FC9C
:10EDE000C3F1200299409C40D6404FEA1C4E20FAC5
:10EDF00002F21FFA8CF7B6FBFEF00A430EFB106618
:10EE0000110C41EA064100FB07F68E420ED91CEBBD
:10EE1000010100F1FF382CBF4FF001094FF000094C
:10EE20008E4202D9B9F1000F34D04046891B92B20C
:10EE3000B1FBFEF60EFB161142EA014206FB07F19A
:10EE400091420ED91CEB020206F1FF382CBF4FF0A5
:10EE500001094FF00009914202D9B9F1000F16D013
:10EE60004646521A46EA00410FE7841A66EB03024F
:10EE700001201746FBE6023E624421E70239624464
:10EE8000C1E664440238D3E66444023834E7023E03
:10EE90006244E6E702386144C8E7023B3E447BE750
:10EEA00002383E445BE700BF704700BF000000002F
:10EEB0005FF800F0312300145FF800F0D322001453
:10EEC0005FF800F0D92200145FF800F00D23001461
:10EED0005FF800F0DD5200145FF800F005500014F8
:10EEE0005FF800F0A92600145FF800F02D2300144D
:10EEF0005FF800F0012000145FF800F01526001400
:10EF00005FF800F0312B00145FF800F0B5520014E8
:10EF10005FF800F0CB2200145FF800F09524001495
:10EF20009C40FF7F0100000048EF10185873033425
:10EF30004302000054F8101800200034CA0C0000EE
:10EF4000647C03342F010000607303340000000070
:10EF5000200204000000000000000000000100008A
:10EF600000000000000000000F0000000000000092
:10EF7000000000000A00000008000000000000007F
:10EF800000000000000000000B000000090000006D
:10EF9000000000000000000000000000070000006A
:10EFA000070000000000000000000000000000005A
:10EFB000C87303340000000041020101000000009A
:10EFC000AAAA1A00000100000000000000000000D2
:10EFD0000F00000000000000000000000A00000018
:10EFE0000800000000000000000000000000000019
:10EFF0000B000000090000000000000000000000FD
:10F0000000000000070000000700000000000000F2
:10F01000000000000000000001000000387403340C
:10F0200002000000820000003C7403340400000071
:10F030001300000000000000000000640000000158
:10F0400000000000607403340000000000000000B5
:10F050000400000000000001547503342C750334D3
:10F0600004750334000000000000000100000000EF
:10F07000DC74033400000001000000000000000008
:10F080000000000000000000000000000000000080
:10F090000100000010000000080000000000000057
:10F0A0000000000000000000000000000000000060
:10F0B0000000000000000000000000000000000050
:10F0C000000000000000000000000000DE00000062
:10F0D00003030000FFFFFFFFFF0000000F00000020
:10F0E000030101000000000000010200DE0000003A
:10F0F000010000000400000003FF0000FFFFFFFF0D
:10F10000FF00000000000000FF0000000000000001
:10F1100000000200040000000100000006000000E2
:10F1200003FF0000FFFFFFFFFF00000000000000E2
:10F13000FF000000000000000000020006000000C8
:10F1400001000000EE00000003030000FFFFFFFFCE
:10F15000FF0000000F00000003010100000000009C
:10F1600000010200EE00000001000000320000007B
:10F1700050C3000080F0FA0280F0FA0280F0FA0238
:10F180000000000003000000087E0334A075033473
:10F1900000000000087E0334707E0334D87E033400
:10F1A000000000000000000000000000000000005F
:10F1B000000000000000000000000000000000004F
:10F1C000000000000000000000000000000000003F
:10F1D000000000000000000000000000000000002F
:10F1E000000000000000000000000000000000001F
:10F1F000000000000000000000000000000000000F
:10F2000000000000000000000000000000000000FE
:10F2100000000000000000000000000000000000EE
:10F2200000000000000000000100000000000000DD
:10F230000E33CDAB34126DE6ECDE05000B000000A2
:10F2400000000000000000000000000000000000BE
:10F2500000000000000000000000000000000000AE
:10F26000000000000000000000000000000000009E
:10F27000000000000000000000000000000000008E
:10F28000000000000000000000000000000000007E
:10F29000000000000000000000000000000000006E
:10F2A000000000000000000000000000000000005E
:10F2B000000000000000000000000000000000004E
:10F2C000000000000000000000000000000000003E
:10F2D0004C7F0334FFFFFFFF00000200000000002E
:10F2E0000000000000000000F0760334F0760334E4
:10F2F000F8760334F8760334007703340077033468
:10F300000877033408770334107703341077033415
:10F3100018770334187703342077033420770334C5
:10F320002877033428770334307703343077033475
:10F330003877033438770334407703344077033425
:10F3400048770334487703345077033450770334D5
:10F350005877033458770334607703346077033485
:10F360006877033468770334707703347077033435
:10F3700078770334787703348077033480770334E5
:10F380008877033488770334907703349077033495
:10F390009877033498770334A0770334A077033445
:10F3A000A8770334A8770334B0770334B0770334F5
:10F3B000B8770334B8770334C0770334C0770334A5
:10F3C000C8770334C8770334D0770334D077033455
:10F3D000D8770334D8770334E0770334E077033405
:10F3E000E8770334E8770334F0770334F0770334B5
:10F3F000F8770334F8770334007803340078033463
:10F400000878033408780334107803341078033410
:10F4100018780334187803342078033420780334C0
:10F420002878033428780334307803343078033470
:10F430003878033438780334407803344078033420
:10F4400048780334487803345078033450780334D0
:10F450005878033458780334607803346078033480
:10F460006878033468780334707803347078033430
:10F4700078780334787803348078033480780334E0
:10F480008878033488780334907803349078033490
:10F490009878033498780334A0780334A078033440
:10F4A000A8780334A8780334B0780334B0780334F0
:10F4B000B8780334B8780334C0780334C0780334A0
:10F4C000C8780334C8780334D0780334D078033450
:10F4D000D8780334D8780334E0780334E078033400
:10F4E000E8780334E8780334F0780334F0780334B0
:10F4F000F8780334F878033400790334007903345E
:10F50000087903340879033410790334107903340B
:10F5100018790334187903342079033420790334BB
:10F52000287903342879033430790334307903346B
:10F53000387903343879033440790334407903341B
:10F5400048790334487903345079033450790334CB
:10F55000587903345879033460790334607903347B
:10F56000687903346879033470790334707903342B
:10F5700078790334787903348079033480790334DB
:10F58000887903348879033490790334907903348B
:10F590009879033498790334A0790334A07903343B
:10F5A000A8790334A8790334B0790334B0790334EB
:10F5B000B8790334B8790334C0790334C07903349B
:10F5C000C8790334C8790334D0790334D07903344B
:10F5D000D8790334D8790334E0790334E0790334FB
:10F5E000E8790334E8790334F0790334F0790334AB
:10F5F000F8790334F8790334007A0334007A033459
:10F60000087A0334087A0334107A0334107A033406
:10F61000187A0334187A0334207A0334207A0334B6
:10F62000287A0334287A0334307A0334307A033466
:10F63000387A0334387A0334407A0334407A033416
:10F64000487A0334487A0334507A0334507A0334C6
:10F65000587A0334587A0334607A0334607A033476
:10F66000687A0334687A0334707A0334707A033426
:10F67000787A0334787A0334807A0334807A0334D6
:10F68000887A0334887A0334907A0334907A033486
:10F69000987A0334987A0334A07A0334A07A033436
:10F6A000A87A0334A87A0334B07A0334B07A0334E6
:10F6B000B87A0334B87A0334C07A0334C07A033496
:10F6C000C87A0334C87A0334D07A0334D07A033446
:10F6D000D87A0334D87A0334E07A0334E07A0334F6
:10F6E000E87A0334E87A03344300000000000000A5
:10F6F000000000000000000000000000000000000A
:10F7000000000000000000004300000000000000B6
:10F7100000000000000000000000000000000000E9
:10F720000000000000000000430000000000000096
:10F7300000000000000000000000000000000000C9
:10F740000000000000000000430000000000000076
:10F7500000000000000000000000000000000000A9
:10F760000000000000000000430000000000000056
:10F770000000000000000000000000000000000089
:10F780000000000000000000430000000000000036
:10F790000000000000000000000000000000000069
:10F7A0000000000000000000430000000000000016
:10F7B0000000000000000000000000000000000049
:10F7C000000000000000000089CE101861C310186E
:10F7D00000000000082E1018400E1018F40D10182C
:10F7E000F40D1018F40D1018F40D1018F40D101875
:10F7F000F40D1018F40D1018F40D1018F40D101865
:10F80000FFFFFFFFFFFFFFFFFFFFFFFFFFFF000006
:10F81000010041534349490000000000000000007E
:10F8200000000000000000000000000000000000D8
:10F83000000041534349490000000000000000005F
:10F8400000000000000000000000000000000000B8
:10F850000000000070B507299DF810C000D901BE56
:10F860000F2A7CD9802A00D001BE012B00D901BE0D
:10F87000BCF11F0F7DD901BE072975D801BE424CCE
:10F88000A0422CD08034A04229D08034A04226D07F
:10F890003E4CA0426AD08034A04267D08034A0425F
:10F8A00064D000F12D4E0EF5FE0E4FEADE1E0EF175
:10F8B000A56E03294FF01F054FEA0E1E0CF01F0C1A
:10F8C00020D90C1FE4000CFA04FCA540DEF804402B
:10F8D00024EA050444EA0C04CEF804401EE04FF08C
:10F8E000000E00F12B442A4D04F53904A4EB0E045C
:10F8F00005EBD41403294FF01F050EEB041E0CF08A
:10F900001F0CDED8DEF80040CE00B5400CFA06FC35
:10F9100024EA050444EA0C04CEF8004001254FF027
:10F920000F0C046803F001038B404FEA810E05FAC7
:10F9300001F124EA01010B430360416C046F0CFAEE
:10F940000EF3802A21EA030124EA030314D002F013
:10F950000F0202FA0EF20A434264036770BD22F0FE
:10F960000804012C81D17FE701BE87E74FF4802E88
:10F97000B7E7072983D981E7082202FA0EF211437B
:10F980001A434164026770BD0000475400004B54A5
:10F99000006444052DE9F047054682B00C4600F0AE
:10F9A000BEF8524B81469D424AD0012C3CD0022CDD
:10F9B0006AD0042C75D00024012300940E22032168
:10F9C0004B48FFF747FF08244FF0030A484E494FC2
:10F9D000002101230E2238460091FFF73BFF04254A
:10F9E0004FF001080120C7F80C80F46000F09EF889
:10F9F0000120F46000F09AF8013DF3D108231B24A4
:10FA00005146304600930E220123FFF723FF38466C
:10FA100001230E2229460094FFF71CFF484602B03E
:10FA2000BDE8F04700F07FB8002523460E222946A6
:10FA300031480095FFF70EFFAA462F4E2D4FC7E71E
:10FA4000631EDBB2032B0CD92C4E002501230E22A2
:10FA5000304629460095FFF7FDFE0124AA46284FAF
:10FA6000B6E7284A012C52F8236028D0022C2ED168
:10FA7000002101230E2230460091FFF7EBFE012406
:10FA80004FF0000A1E4FA3E7002501230E2229464E
:10FA90001D480095FFF7DEFE0124AA461A4E154FB9
:10FAA00096E70021012300910E2219461648FFF720
:10FAB000D1FE02244FF0010A134E0E4F88E70021B9
:10FAC00023460E2230460091FFF7C4FED7E7042CF0
:10FAD000BBD10024012300940E2207213046FFF7FA
:10FAE000B9FE80244FF0070A054F71E70000465425
:10FAF0000006815200004B54800A815280038152DB
:10FB000000004754AC2C10180000815202308008CD
:10FB100003D001300238FCD100BF00BF7047EFF3C3
:10FB2000108072B6704780F31088704770B54FF040
:10FB3000FF350A4E04463368B5FBF3F5854207D21C
:10FB400003FB05F0641BFFF7E1FFA5423368F7D321
:10FB500003FB04F0BDE87040FFF7D8BF80750334A5
:10FB6000024B1B6803FB00F0FFF7D0BF7C7503342A
:10FB7000024B1B6803FB00F0FFF7C8BF7C75033422
:10FB8000FEE700BF234B10B5D0E90041C3E90041B7
:10FB9000D0E90241C3E90241D0E90441C3E904418B
:10FBA000D0E90641C3E906411B4A946AD16AC3E918
:10FBB0000841546A516B926BC3E90A411A63F1EE32
:10FBC000102A12F0900F21D0026A5A63426A9A6397
:10FBD000826ADA63C26A1A64026B5A64426B9A647C
:10FBE000826BDA64C26B1A65026C5A65426C9A6564
:10FBF000826CDA65C26C1A66026D5A66426D9A664C
:10FC0000826DDA66C26D1A67026E5A67FFF7B8FF37
:10FC100010BD00BF2081033400ED00E0002845D076
:10FC2000002943D0002A41D08446487E10B448B110
:10FC30008B7E0C68023BDBB294BB92F82A207ABB25
:10FC40000A2B29D80B7ED3B9204CCCF8D8378B7E21
:10FC500000011B02CA7F00F0300003F4706303430D
:10FC600091F82000120543EAC07302F440121343D6
:10FC7000234300205DF8044BCCF8083070474B69F3
:10FC8000962B15D9C02B18D9F52B18D9B3F59D7F14
:10FC900017D3B3F5C87F16D90D485DF8044B7047EC
:10FCA0000B2BF9D80B7E002BCED0E8E70848704725
:10FCB0000023084CCCF8D837C9E7074CC7E7074CF6
:10FCC000C5E7074CC3E7074CC1E700BF0CD0800075
:10FCD0000400B20004D0800080D0820081D0820075
:10FCE00082D0860083D08E00F8B50446002800F04C
:10FCF000A280002900F09F8010461A46002B00F0D9
:10FD00009A800B78012B00D901BE0B7B012B00D907
:10FD100001BE4B68072B00D901BE0023136093621C
:10FD2000936082F82C30D36053611376D3611362F1
:10FD300050622068C2E90C3398425360136101DAC3
:10FD4000C0077AD4D4F8C837204623F00303C4F898
:10FD5000C8370E68CD684F68FFF760FF00286ED186
:10FD60008A7E0F2A50D8A36823F47063A360A36827
:10FD700043EA0223A360CA7E0F2A45D8D4F8283864
:10FD800023F0F00343EA0213C4F82838D4F82838E3
:10FD900023F00F031343C4F828380A7F0F2A33D8FF
:10FDA000D4F8A83823F0F00343EA0213C4F8A838C3
:10FDB000D4F8A83823F00F031343C4F8A8384A7FB7
:10FDC0000F2A21D8D4F8283923F0F00343EA02138C
:10FDD000C4F82839D4F8283923F00F031343C4F8A2
:10FDE00028398A7F0F2A0FD8D4F8A83923F0F003D6
:10FDF00043EA0213C4F8A839D4F8A83923F00F0352
:10FE00001343C4F8A83900E00E482B063F044A69A2
:10FE100007F4E02703F080733B4306F00106334309
:10FE2000B2F5967F2CBF43F4200343F4A00343F4C0
:10FE300040732360F8BD0348F8BD1846F8BD01BE05
:10FE4000F8BD00BF0400B200012905D901BE036856
:10FE500043F00103036070470029F8D1036823F0E1
:10FE600001030360704700BF04290CD879B1032A4D
:10FE700000D901BE013907291AD8DFE801F01D1A9F
:10FE8000191319191910082906D001BEEFE701BE90
:10FE9000032A0DD901BE7047032A00D901BE00F51F
:10FEA000186001E000F51060036862F30923036045
:10FEB000704700F50860F7E700F50060F4E700BF61
:10FEC0000346A9B18268806C10F008000ED102F4DC
:10FED0004012A2F50012B2FA82F20139520989B237
:10FEE00041EAC25141F040711965704701487047BD
:10FEF000014870470100B2000400B20000230B600B
:10FF00008B60CB604B610B7602684B6042F0004225
:10FF10000B610260836859070ED4836810B51A0715
:10FF2000044608D46368DB07FCD50A20FFF718FEF7
:10FF30006368002BFCDB10BD704700BF2DE9F04764
:10FF40000546DDE90976181FC0B2FA289DF820C0E1
:10FF50009DF82C909DF830E09DF8344000D801BE0B
:10FF6000A9F10400C0B2FA2800D801BE042C36D88A
:10FF7000002C36D0BCF1010F00D901BEBEF1010F3B
:10FF800000D901BE36B1002F00F09A80B9F1FF0F01
:10FF900000F088800E984FEA045A4FEAC0480F9844
:10FFA0000AF4700A446A08F40028C8B2DAB1032BD4
:10FFB0004FEA112178D04FEA8C4202F480221B04D0
:10FFC00042EA0A0203F44033134319432965034309
:10FFD000B6B943EA08032B650020BDE8F087082C7A
:10FFE000C8D001BEC6E74FEA8C4202F48022024329
:10FFF0001B0442EA0A0203F440331343002EE8D004
:02000004701179
:10000000B9F1030F2B652BD04FEA8E4E0EF4802EE4
:100010004FEA094909F440394EEA0A0A4AEA090A4C
:100020004FF000094B46AA6C591C12070BD4FB5C1D
:10003000B14243EA0A0309F1010928BF43EA080370
:100040002B655FFA89F91CB9B1454B46EBD3C3E781
:100050000120FFF785FD013CF6D12048BDE8F0877F
:10006000BEF1010FD0D14FF000094B464AEA080813
:10007000AA6C100711D49A1CB24234BF51464146B3
:10008000FA5C3B445B78120213430B4309F102090B
:1000900043F4E0235FFA89F92B65BCB9B1454B46BF
:1000A000E6D399E701BE75E7BCF1010F83D14AEAB7
:1000B000000343EA012343F4E023002E89D09FE7A5
:1000C00001BEB9F1FF0F7FF465AFEBE70120FFF749
:1000D00047FD013CE2D10148C0E700BF0200B20089
:1000E00030B500241D4689B00C9B049402939DF802
:1000F0003430009403939DF83830019505930F9B9D
:10010000069313462246109C0794FFF717FF09B089
:1001100030BD00BFF0B515461A1FD2B28FB0FA2A13
:1001200006460C469DF8507000F2B18001BE002DCD
:1001300000F09D80826C110700F19C8029460139F6
:10014000BF0489B207F480271B04394303F440330A
:100150000B4343F0027301203365FFF701FD002CD0
:1001600000F0A580042300220394059508928DF8E1
:1001700018309DF818301599042B4F6A6DD103245F
:10018000059D0399D6F8C43003F00F03AB4228BF96
:100190002B46082B63D8DFE803F0423E382F2B2490
:1001A0001B056200D6F8D8200A60D6F8D420100AC1
:1001B0000A714871D6F8D0208A71D6F8C420ED1A99
:1001C00002F00F02AA421944134628BF2B46E0E76B
:1001D000D6F8D8200A60D6F8D420100A0A714871DF
:1001E000EBE7D6F8D8200A60D6F8D0200A71E4E709
:1001F000D6F8D8200A60E0E7D6F8D420100A0A70B2
:100200004870D6F8D0208A70D7E7D6F8D420100AE4
:100210000A704870D1E7D6F8D0200A70CDE7039174
:100220000595A5B9D6F8C43003F00F03012B08BF1C
:10023000D6F8D030D6F8C83723F00203C6F8C8374E
:100240008DF81840089B13B10320089B984705952B
:100250009FB99DF81830042B92D0002008E0D6F802
:10026000D8300B60D6F8D82008234A60A5E711489B
:100270000FB0F0BD10480FB0F0BD0120FFF770FCCB
:10028000013FE6D10D489DF818300FB0F0BD002DAC
:10029000EDD0826C1207EDD4032B7FF44FAF012F0A
:1002A0007FF44CAF05F0010101EB550147E7204613
:1002B0000FB0F0BD0400B2000100B2000200B200B5
:1002C00010B582B0049C019400240094FFF722FF33
:1002D00002B010BD13B310B586468468806C10F070
:1002E000080019D104F44014A4F50014B4FA84F4FD
:1002F0009204640902F48022013B09041FFA83FC82
:1003000001F4403142EAC4530B4343EA0C0343F087
:100310004073CEF8503010BD014810BD0148704701
:100320000100B2000400B20010B30368002B1DDB13
:100330008368090523F440138360836801F4401146
:100340001943013A8160072A0ED8DFE802F013044E
:100350000D170D0D0D15012300EBC310D0F8283833
:1003600043F08073C0F82838002070470448704775
:1003700001BEDAE70023EFE70323EDE70223EBE713
:100380000400B200002800F08A80002900F0878075
:100390000A790346F0B4002A7FD08A68C2F30B00C2
:1003A000002869D03F4D0A7D91F8240091F834402F
:1003B000B2B18A69C2F30B06002E3DD1CE69C6F3F5
:1003C0000B06002E38D103F50056F26291F820207A
:1003D000CF69520002F03E023A4342F0010232631A
:1003E000002846D08A6AC2F30B0000282FD05CB3E5
:1003F0002C4D886BC0F30B0232BBCA6BC2F30B02ED
:1004000012BB03F50054E06391F84020C86B520022
:1004100002F03E02024342F001022264214A954268
:1004200012D00A784C7842F4E02203F50051002003
:100430001A61CC61F0BC70470028D8D08A6A194D87
:10044000C2F30B0018B1D2E71648F0BC7047C86A77
:10045000C0F30B000028CAD103F50050426391F8A5
:100460003020CE6A520002F03E02324342F00102D6
:100470008263002CD2D0BCE7C868C0F30B00002810
:1004800090D103F5005042620A7CCC68520002F021
:100490003E02224342F001028262002583E70148C6
:1004A000704700BF0400B200032A034610B400D90D
:1004B00001BE93F84000A0B95B681C68BCB1012183
:1004C0005B6801FA02F2043B02E0013084420ED084
:1004D00053F8041F09789142F7D1C0B25DF8044B7C
:1004E00070470D4B53F821305B681C681CB9FF2026
:1004F0005DF8044B704701215B680020043B01FA62
:1005000002F202E001308442F1D053F8041F09786E
:100510009142F7D1C0B2E1E7007E0334002370B509
:10052000144682F84030083205460E4600F090F836
:1005300050B9064945F080535B1A18BF0123044A9D
:10054000C4E9005642F8234070BD00BF0000465485
:10055000007E0334F8B505683B4B45F08055ED1A35
:1005600018BF0125064614460A462946FFF79CFF98
:1005700096F84030002B2ED0344B00B253F8253083
:100580005B685B6853F820309A691B6A002A4DD07B
:10059000012391695068D66CC4E90101516A236056
:1005A000C4E90316AEB10023176D1A4657F822208E
:1005B00003EB43011568D0685268013302FB005217
:1005C000DBB204EB81019E42C1E906204D611A466F
:1005D000ECD80020F8BD726800B2526852F82010C2
:1005E0008A69096A4AB301215068D66C60609069D3
:1005F000A060506A2661E0602160002EE9D0176D8E
:100600001A4657F8222003EB43011568D068526858
:10061000013302FB0052DBB204EB81019E42C1E9CF
:1006200006204D611A46ECD80020F8BD02215B6817
:100630000020C4E901322160F8BD0223496800208E
:10064000C4E901122360F8BD00004654007E033463
:100650002DE9F04F87B0002859D0002957D04F68B6
:10066000002F54D09046002A51D0D1F800B0BBF1F1
:10067000000F4CD000260546CDE90266043F00F588
:10068000804A57F8044F002C5CD02378042B5DD8A7
:1006900003B901BE237A032B00D901BE41F61B33F7
:1006A000606840F20771C8F83400CAF810301B23A4
:1006B00007224FF0EE0E4FF00B0CCAF8203005F574
:1006C0008033C3F8C4E0C3F844C1C3F8E810C3F8EA
:1006D000682105EBC613D3F82828A16942F001026E
:1006E000C3F82828D3F8282842F01002C3F8282895
:1006F000F9B12278531E072B0FD8DFE813F01F0142
:1007000022010E001C010E000E000E002A009D4B5F
:100710000293029807B0BDE8F08F9A4B0293039BB7
:10072000002BF6D043F432030293029807B0BDE8E1
:10073000F08F236A002BF0D021464246284601F074
:10074000E5FF02900136B3459BD1E8E7082BA1D025
:100750009FE705F51869D9F8003094F808C06CF3E4
:100760000923C9F80030430700F1EE800B68013B14
:10077000032B01D901BE60688207E3D52B6813F013
:1007800001030593DED1D4E90323B2FBF3F103FBAC
:1007900011220AB101BE2369B3F5803F80F0EC80DD
:1007A00001BE23696169A269003918BF0121E068AF
:1007B0005B4220F0FF0C106823F0FF03013800F0CB
:1007C000070040EA01209168126AC9F808C0C9F818
:1007D0000C306368C9F8200013F01000049391F8FE
:1007E00015E0034640F0D080D1F800C0BCF1FF3FD7
:1007F00000F091815FFA8CF091F804C04FEA0C4C44
:100800000CF4403C4CEA000C4CF0804CC9F840C061
:1008100091F805C04FEA0C4C0CF4403CC9F844C0B8
:10082000D1F808C0BCF1FF3F00F079815FFA8CF08D
:1008300091F80CC04FEA0C4C0CF4403C4CEA000C14
:100840004CF0804CC9F848C0D1F810C0BCF1000F82
:1008500005D00CF1FF3C0CF01F0C4CF0804CC9F89B
:100860004CC0097D090401F44031C9F850108AB325
:100870001168481C00F051815FFA81FC117909046C
:1008800001F4403141EA0C0141F08041C9F86010A7
:100890005179090401F44031C9F864109168481C89
:1008A00007D0107BC9B2000400F44030084340F088
:1008B00080431169C9F8683021B1013901F01F0185
:1008C00041F08041C9F86C10127D120402F44032EC
:1008D000C9F87020BEF1010F88F82CE005D1D9F8D5
:1008E000282042F04072C9F82820AA6802F4401279
:1008F000B2F5001F05D1D9F8282042F08072C9F85E
:100900002820049B207F217A5A00000300F4E04055
:1009100002F010020243090203F0010001F44071E9
:1009200002439B020A4303F40043134343F0004392
:10093000C9F8003006E705F510690CE705F5006910
:1009400009E705F5086906E763462846CDF8008003
:1009500001F0B8FEA3691B68013B18B9032B3FF6F1
:1009600009AF08E708220399B2401143032B039112
:100970007FF6E8AE01BEE5E65A1E1A423FF412AF1A
:100980000EE700BF0400B2000868431C00F0C180FD
:100990005FFA80FC086A000280B20346887F43EA5F
:1009A000807040EA0C0091F824C04FEA8C4C0CF4A3
:1009B000802C40EA0C0091F804C04FEA0C4C0CF477
:1009C000403C40EA0C00C9F84000487991F81DC04D
:1009D00000044FEA8C4C00F440300CF4802C40EAC8
:1009E0000C00C9F844008868431C00F090805FFA4E
:1009F00080FC8869000283B2C87D43EA807040EAC7
:100A00000C0091F80CC04FEA0C4C0CF4403C40EA4E
:100A10000C0091F81CC04FEA8C4C0CF4802C40EA7E
:100A20000C00C9F84800086930B191F816C00138C7
:100A300000F01F0040EA8C70C9F84C00097D4FEAB5
:100A40008E40090401F4403100F480200143C9F8CC
:100A50005010002A3FF43EAF1068411C55D0116A77
:100A600092F81EC0090289B2C0B241EA8C710143FA
:100A700092F82400800400F48020014310790004DF
:100A800000F440300143C9F860105179507F0904E7
:100A9000800400F4802001F4403101439068C9F8DB
:100AA0006410431C13D0916992F817C0090289B2EF
:100AB000C0B241EA8C710143107B000400F4403065
:100AC0000143107F800400F48020014305910599C3
:100AD000C9F86810116951B1907D013901F01F0109
:100AE00041EA8071003818BF012041EA4041C9F84D
:100AF0006C10117D507D0A04810402F4403201F42F
:100B000080210A43C9F87020E4E60021BBE70020F9
:100B100087E7002057E7844678E60021B6E64FF0E5
:100B2000000C8FE6F0B58B6989B0DC6804B301274F
:100B3000FF2691F800E000252379D4F820C0216831
:100B40000792CDF814E00697627FCDE90155CDE913
:100B50000362A3F10302B2FA82F294F8244041EA5C
:100B60000C2189B252090094FFF7E8F909B0F0BDF1
:100B7000014809B0F0BD00BF8000B200F0B58B693C
:100B800089B01C6904B30127FF2691F800E0002515
:100B90002379D4F820C021680792CDF814E0069795
:100BA000627FCDE90155CDE90362A3F10302B2FAF8
:100BB00082F294F8244041EA0C2189B2520900944F
:100BC000FFF7BCF909B0F0BD014809B0F0BD00BFA6
:100BD0008000B2002DE9F04701248F698AB0BD6A18
:100BE000ADF82240002D59D02B790646032B9046B4
:100BF00091F800C015D0297800230492FF22CDF887
:100C000008C0019203931A460093FFF769FA00287F
:100C100048D0BDF82200003818BF01200AB0BDE856
:100C2000F087224600244FF004090994D5F820A04B
:100C30002968CDE905C4CDF81C806C7F0DF1240E28
:100C400004946C79CDF804E0CDE9029495F8244041
:100C500041EA0A2189B20094FFF770F90028D8D13F
:100C6000B96A0B6943BB91F824400B79012C14BF7E
:100C7000012202223046CDF8048000940DF12201B9
:100C8000FFF748FABDF82240F8B997F838301C420F
:100C900014BF012000200AB0BDE8F08720460AB04A
:100CA000BDE8F087034622463046CDF800800DF1BE
:100CB0002201FFF705FBE5E74A7F30464979FFF758
:100CC00009FB0028A5D1B96ACDE7201E18BF012075
:100CD000A4E700BFF0B587B017460C9A05461E463C
:100CE0000C46FFF71FFF90B9A3692278DC6B022C3A
:100CF0000FD0012402920094002201240C9B314663
:100D0000049328463B4601920394FFF7E9F907B0A4
:100D1000F0BD1B6B1B68012B18BF0124EAE700BF65
:100D200000232DE9F04F8E691546F26A89B0ADF8BF
:100D30001C307AB30C46316B61B3D6F828C0BCF1D5
:100D4000000F27D04FF0FF0892F800A0D1F80090D4
:100D5000DCF800B0CDE903350093227851460292C9
:100D6000CDF804801A460746FFF7BAF998B903464A
:100D700001223846009507A9FFF7A2FA58B9F36B8C
:100D80005FFA89F9402B09D0802B5AD0022B13D05F
:100D9000404800E0404809B0BDE8F08F21469DF88A
:100DA0001C404B4644F040043846009507AA8DF895
:100DB0001C40FFF78FFFEEE7CDE903050090CDF86B
:100DC00004802378024602935FFA8BF1034638468B
:100DD000FFF786F90028DED1034601223846009548
:100DE00007A9FFF76DFA0028D5D10023FF2204954B
:100DF00001920393009322785146029238461A4694
:100E0000FFF76EF90028C6D1034601223846009547
:100E10000DF11D01FFF754FA0028BCD19DF81D30DB
:100E2000B9F1310F43F002038DF81D3021464B46D6
:100E300038460CBF0DF11D0207AA0095FFF74AFFC7
:100E4000A9E7CDE903050090CDF804802378024698
:100E50000293514603463846FFF742F900289AD1DB
:100E600003460122384600950DF11D01FFF728FACF
:100E7000002890D121469DF81D404B4664F07F0428
:100E8000384600950DF11D028DF81D40FFF722FF39
:100E900081E700BF0300B2008000B2002DE9F04FEF
:100EA000012A0C4607461D468E6989B053D0B36EA1
:100EB000002B4BD0F26E002A48D092F8009000220E
:100EC00093F800B0F168736F94F800A0D1F8008037
:100ED0004FEA132E07924FEA134C8DF81E30013360
:100EE0005946CDE903258DF81DE08DF81CC0CDF8DD
:100EF00008A05DD003230192009307ABFFF7F0F841
:100F00000246F8B903460122384600950DF11F014B
:100F1000FFF7D6F90246A8B9306F0126CDE90022C5
:100F20009DF81F30049503438DF81F302378384611
:100F300002935FFA88F113460396FFF7D1F8024651
:100F400000285BD0104609B0BDE8F08F324A104649
:100F500009B0BDE8F08F766E002EF7D03378B3B9C4
:100F60002D4A7378002BEDD094F800C000220124A4
:100F7000013BB17A3846009301920495CDF808C040
:100F800006F10B030394FFF7ABF80246DAE74FF0E4
:100F9000000C013BB17803920093049523786246DC
:100FA0000293CDF804C0F31CFFF79AF80246D8E785
:100FB000FF230092019313468DF81B20FFF790F852
:100FC00002460028BED103460122384600950DF1A5
:100FD0001B01FFF775F902460028B3D1366F214691
:100FE0009DF81B400DF11B024B46384600953443DB
:100FF0008DF81B40FFF76EFE0246A3E7CDE90365BF
:1010000024784946029404243846CDE9004207ABCF
:10101000FFF766F8024695E78000B2002DE9F04739
:101020001E4614461A4605468846FFF7D3FD002E95
:101030005DD0378DD7B1B0B1A742B94624BFA14624
:10104000A7B22B683846DA074ED5FEF789FD32463F
:1010500041462846FFF7BEFD4C4503463FD9A4EB69
:1010600009040028EDD10020BDE8F0870028FAD05F
:10107000254B9C423DD8032C40D94FF47A77234B23
:101080004FEA9409A3FB093A4FEA9A1A07FB1A9709
:10109000BFB22B685046DB0714D5FEF747FD384634
:1010A000FEF75EFD324641462846FFF793FD4C456C
:1010B000034614D9A4EB09040028D4D02B68504669
:1010C000DB07EAD401F056FD3846FEF751FD324603
:1010D00041462846FFF77EFD4C450346EAD8002BE3
:1010E000C1D00B48BDE8F087FEF742FDAFE701BE77
:1010F0009FE74FF47A7ADFF81C90CAE701274FF098
:10110000000AB946C5E700BF03093D00D34D621090
:101110000200B20040420F002DE9F041002488B0E7
:10112000064615461F468DF81F40002932D0002480
:10113000FF228B690878D96AD3F83C800978234666
:101140000290019230462246049703940094FEF7E1
:10115000C7FF18B12C7008B0BDE8F081034601222A
:10116000304600970DF11F01FFF7AAF82C700028F8
:10117000F1D19DF81F205FFA88F308EA0208A8EB76
:101180000308B8FA88F84FEA581885F8008008B0C4
:10119000BDE8F08101BECAE72DE9F04306460C46E2
:1011A00090461F4689B089B3A369DD6855B3012015
:1011B00000224FF0FF0C94F800902B79D5F820E036
:1011C0002968CDF8149007970690687FCDE9012231
:1011D000CDE903C095F8242041EA0E210092A3F145
:1011E0000302B2FA82F2304689B25209FEF7A6FE35
:1011F00028B93A4621463046FFF792FD40B109B082
:10120000BDE8F083074809B0BDE8F08301BECBE735
:101210003B4642462146304609B0BDE8F043FFF761
:10122000FDBE00BF8000B200C36A70B4D3B1036BCF
:10123000ABB100221A7106290FD8DFE801F0291599
:10124000200415152400012180263E253F24C26A72
:10125000C6631D6014609977917770BC704701BEBA
:10126000036BE6E701BEE2E7012202253524C16AED
:10127000C5631A600C609A778A7770BC7047012248
:1012800040250524F3E70121022631253524DEE738
:101290004FF0FF324FF0000CC16AC2631A600A605F
:1012A00083F81EC081F81EC070BC7047036810B47C
:1012B000042B446915D04B7FFF2B39D1CB7FFF2BFB
:1012C00040D191F82130FF2B3ED191F82330FF2BF4
:1012D00018BF23202DD1FF23237100205DF8044B7C
:1012E00070474FF0FF30206091F801C01CF0020FF2
:1012F0004FEA5C002AD183072AD443072AD4030784
:1013000048BF0320E7D5031D40001D3091F804C0FD
:1013100082F800C091F805C082F80CC091F806C0B0
:1013200082F818C091F807C082F824C0C95C01E0B7
:101330001D20095C01220023A277A38021605DF8B3
:10134000044B70471F20F4E72120F2E71D20DDE762
:101350000120D8E70220D6E7F0B515460C4600225A
:1013600095F800E08BB08DF825E095F801E0074690
:1013700091F824C01846266A0B7909688DF826E092
:1013800095F802E041EA0621032B89B28DF827E0A7
:101390008DF8242013D0032605901298CDE901562C
:1013A00007900020CDF800C00690607F049060791F
:1013B00003903846FEF7C2FD48B10BB0F0BDBCF15A
:1013C000010F05BF624604261E4609ADE4E7384614
:1013D0002369627F6179FEF77DFF0028EDD1617D91
:1013E000237D129C3846CDE90014109A1199FEF71E
:1013F00091FE0BB0F0BD00BF2DE9F04100268C79C5
:101400004FF0080E013437468C46C5B2E40005E0C3
:101410000EF1080EA6450CF1080C19D89CF808002E
:10142000A842F5D19CF80F00FF28F1D19CF80900E3
:10143000B842EDD39CF80A800CF1080CB8F1010F0A
:1014400008BF76460EF1080E08BF0746A645E5D947
:101450004EB1314408799070487950708879107095
:10146000CE78B600F6B21E70BDE8F0812DE9F04FDF
:10147000ADF52B7D0E46CDE90A230790002961D0FA
:10148000B469002C5BD04FF00008636B96F80090B5
:101490001D46099396F808B08DF84E808DF84F8060
:1014A0008DF850808DF851808DF852808DF85380E2
:1014B000FEF735FB2AAF414680220890384601F0FE
:1014C00051FBADF854808DF85680ADF858808DF8FA
:1014D0005A80ADF85C808DF85E80ADF860808DF844
:1014E0006280ADF864808DF86680ADF868808DF814
:1014F0006A80DDF81C80494640465A46FEF7B4FC37
:1015000049464046FEF746FA7DB1B49B0999CDE9BC
:10151000017338230798009315AA4B46FFF71CFF69
:10152000824610B93B78532B0ED0DFF8B4A8089848
:10153000FEF7F9FA50460DF52B7DBDE8F08F01BEA0
:10154000B469A0E701BE9BE77B78462BEDD1BB7861
:10155000442BEAD1FB78502BE7D17B79012BE4D1E6
:101560003D7939464FF47F400DF1510315AA0C9592
:10157000FFF742FF9DF85180B8F1000FD5D03946F2
:101580004FF684700DF1520316AAFFF735FF394666
:101590004FF681700DF1530317AAFFF72DFF39465F
:1015A0004FF687700DF14F0318AAFFF725FF394654
:1015B0004FF6057014AB19AAFFF71EFF0DF14E038D
:1015C00039464FF60A701AAAFFF716FF9DF85330F6
:1015D000002B40F02781B8F1800FC4E913AA00F274
:1015E0002781E368002B00F026819DF85130079D8C
:1015F0000093B49B0999CDE9017315AA4B4628467F
:10160000FFF7AAFE1EAA11460E924FF0010C0346E8
:101610003A461097107F02320CFA00F04860D07EF4
:1016200001F80C0BB942F5D17A680795002AC0F28F
:101630003D86B9780132C1F34101D20801296260C7
:1016400000F04186022900F03B86002940F02B86FD
:1016500003224FF0000801214FF0060C04204FF048
:10166000050E2260E26882F804809177C2F800C01B
:10167000226982F804801060A26AA163C2F800E0C7
:1016800082F804800A9A8A4240F201860C9A002A63
:1016900000F0868597F83A102046C1F302110B93AB
:1016A000FFF7C2FD6021E2690B9B82F80480D4F849
:1016B00008801160012297F8281009098A40B2F5C4
:1016C000807F28BF4FF480726262D7E90921C1F39D
:1016D0004170032808BF4FF47A4002F00F0CC1F3A9
:1016E000046202F1010218BFDFF8F8E60CFB0222E7
:1016F00018BF5EF8200011F4005F00FB02F214BF77
:101700004020082052006264C1F30422013201F03B
:101710000F0101FB022200FB02F25200A2640BF057
:10172000FD0BBBF1010F7068B978226800F01085DD
:101730000A9D012D40F20C8511F0200C00F09480E0
:101740000D0706D510F0400003D10C99072900F2CF
:10175000BF854FF40070012197F809C0A8F8040074
:10176000C8F800C0387A88F81E10400979D088F887
:101770001710022188F80C10FF21C8F80810397AD8
:1017800001F01F01C8F8101011B1012188F81610DE
:101790000221042A88F8141040F03D8705231D46D5
:1017A00097F83F3013F07F0100F0C58503F0030B7D
:1017B0009B0740F1FF86E368002B00F0FB861A7957
:1017C0001978B49B4FF0010CFF2004930023019083
:1017D0000093CDE9029C0798FEF782FC0346BBF11B
:1017E000000F49D0002800F0AF854AAB0A900021D5
:1017F000184680220B9301F0B5F90A9BA16E79B1CE
:10180000E26E52B14FF0FF3C0020C2F800C0C1F8B8
:1018100000C0C4E91C0C90778877002B00F012817F
:1018200001224DE3B8F1800F02D8802B7FF6D9AEAC
:10183000DFF8B4A57BE62369002B7FF4D6AE63699D
:10184000002B7FF4D2AEE369002B7FF4CEAE236A87
:10185000002B7FF4CAAEA36A002B7FF4C6AE01BE94
:10186000C3E64FF0FF3188E7490600F1B086042A4D
:1018700040F0D186FF2215460D934AAB18468022D0
:1018800000210B9301F06EF90D9B002BB6D19DF852
:10189000523009990093B49B079802930B9B16AAA8
:1018A00001934B46FFF758FDA16E03460029B4D0C3
:1018B000E26E002AB1D00028A4D10A980328A1D151
:1018C0000C9806289ED99DF84F209DF84E300D9219
:1018D000626BD4F808B00F930A924BB19DF8503068
:1018E00033B1626E22B1726812F0400100F03E85A1
:1018F0000B9B1B689A0200F1B280DB0240F1A280D0
:101900004FF44072012397F84310ABF80420CBF852
:1019100000108BF81E3097F84220520900F0298100
:101920008BF8173003238BF80C30FF23CBF80830EB
:1019300097F8423003F01F03CBF8103013B10123A6
:101940008BF8163007231D4603238BF814300D9BAC
:101950000A990093B49B079802938AAB019318AA43
:101960004B46FFF7F9FC002865D1DDF86332002B08
:1019700013DAD4E91A21C3F302602067D8B20860F1
:10198000C3F307201060D80054BF4FF0FF33C3F3F8
:101990000743636701238B779377D4F820801EAACF
:1019A00020460B99FFF782FC092D02461BD14FF010
:1019B000010C40F2033040F2012140F2031E636942
:1019C0001D6883F824C09880A3F81D101D62D8F804
:1019D000003088F824C0A8F80400A8F81D10A8F862
:1019E00014E0C8F82030002A40F06982236D002BF3
:1019F00000F0C9809DF85330B4980A93CDE9017086
:101A0000009309994B46079817AAFFF7A5FC0028F1
:101A100000F06D8282468AE512F0400200F0908369
:101A2000122299801973196119751A6001229A7727
:101A30004FF0FF329A601EAA20460B99FFF736FC42
:101A40000246D0E70B9B6A1E1B68042A00F2278619
:101A5000DFE812F07600BC02B50255002C004FF40E
:101A60004072012397F84110ABF80420CBF8001026
:101A70008BF81E3097F84020520914D08BF817309D
:101A800003238BF80C30FF23CBF8083097F8403055
:101A900003F01F03CBF8103013B101238BF816307D
:101AA00008231D4650E74FF0FF33EDE79A0602D5B5
:101AB000EC23C8F800300B9BD4F820801B6813F48B
:101AC000807240F0BC8213F0800135D113F04003E6
:101AD0002ED00A460B461220A8F80430012388F8BD
:101AE0001E304FF0FF33C8F808300023C8F800005C
:101AF00088F80C2088F81410C8F810304FE7DB067F
:101B000002D56C23C8F800300B9B1A68236A12F0C8
:101B1000800181D000229A801A731A6101229A777B
:101B20004FF0FF3234219A60022219601A7582E761
:101B30001A4602201946CFE7342013460221CBE78C
:101B4000990702D50C23C8F800300B9B1A68236A4A
:101B500012F0400200F0F48200229A801A731A6197
:101B60001A75012212219A774FF0FF3219609A609C
:101B700061E74FF0FF33D9E6984B98427FF44AAFC4
:101B80000023C4E9133373689B077FF5D0AC079B30
:101B9000186810F001007FF4CAACD6E90323B2FB49
:101BA000F3F103FB11220AB101BE3369B3F5803FA3
:101BB00002D35A1E1A4200D001BE09F1FF39B9F111
:101BC000070F00F26985DFE819F0040100016705DD
:101BD000FC006705670567050800079B03F51865A6
:101BE0007369B769B3F1000C18BF4FF0010C3B6883
:101BF0003269591EF368524201F0070122F0FF04D6
:101C000041EA0C2123F0FF0CBA683B6AC5F808C012
:101C1000EC607468296214F01001577D00F0E680D2
:101C20001168B1F1FF3F00F044815FFA81FC116A55
:101C300092F81EE0090289B241EA8E7141EA0C0174
:101C400092F824C04FEA8C4C0CF4802C41EA0C0131
:101C500092F804C04FEA0C4C0CF4403C41EA0C01F1
:101C60002964517992F81DC009044FEA8C4C01F4A3
:101C700040310CF4802C41EA0C0169649168B1F1A7
:101C8000FF3F00F01A815FFA81FC916992F817E03A
:101C9000090289B241EA8E7141EA0C0192F80CC046
:101CA0004FEA0C4C0CF4403C41EA0C0192F81CC089
:101CB0004FEA8C4C0CF4802C41EA0C01A9641169A8
:101CC00031B192F816C0013901F01F0141EA8C715F
:101CD000E964127DB904120402F4403201F4802157
:101CE0000A432A65002B50D019684A1C00F0E38093
:101CF0001A6A93F81EC0120292B2C9B242EA8C72FA
:101D00000A4393F82410890401F480210A431979C5
:101D1000090401F440310A432A665A79597F1204B2
:101D2000890401F4802102F440320A4399686A660A
:101D30004A1C11D09A69C9B21002DA7D80B240EA19
:101D400082701A7B0843120402F4403210431A7F57
:101D5000920402F4802210431A69A86652B1997D58
:101D6000013A02F01F0242EA8172003918BF0121D4
:101D700042EA4142EA661A7D597D13048A0403F45B
:101D8000403302F4802213432B67B49B83F82C70FA
:101D9000317F327A0903630001F4E04103F010035C
:101DA0000B43120204F0010102F440720B4313438F
:101DB000A20202F40042134343F000432B60FFF7FA
:101DC000B6BB079B03F510650AE7079B03F508659B
:101DD00006E7079B03F5006502E700BF0600B200B7
:101DE0000500B200D02C10188100B2001068B0F1CC
:101DF000FF3F5CD05FFA80FC1079000400F44030B3
:101E000040EA0C0040F0804028645079000400F45F
:101E1000403068649068B0F1FF3F46D05FFA80FCC4
:101E2000107B000400F4403040EA0C0040F0804099
:101E3000A864106920B1013800F01F0040F0804014
:101E4000E864127D120402F440322A65002B9CD013
:101E50001868421C27D01A79C0B2120402F440322A
:101E6000024342F080422A665A79120402F4403258
:101E70006A669A68501C07D0197BD2B2090401F433
:101E80004031114341F080411A69A96622B1013AFB
:101E900002F01F0242F08042EA661B7D1B0403F43D
:101EA00040332B6771E70022DDE70020C0E70846DA
:101EB000AAE70021D4E600222EE70021FEE6002357
:101EC0000121B81810F8010C8140A1610C9900297A
:101ED00040F083804FF47A722264226D002A7FF4EE
:101EE00089AD002B3FF44FAE9A46FFF720BB8046EA
:101EF0008A900B96A648079D109ECDF824803378D3
:101F000013F0020340F0B88096F802B0F0784FEA80
:101F10009B12032A079018BF9E488DF8A83114BF62
:101F200050F822202268717808F1030C9AB10CEB6A
:101F300002004FF0000CA0EB0C0C17F80CE003F1C2
:101F4000010C03F52A736B4403F880EC5FFA8CF301
:101F50009A429C46EFD80BF00F0BBBF10F0F74D0D9
:101F6000B49B00920493002328461A46CDE90293BD
:101F700001938AABFEF7B4F8B0B9BBF1000F74D18E
:101F8000B49B01220093284600236AA9FEF798F922
:101F900050B9099B9DF8A82107995B00DBB211425B
:101FA00018BF43F0010309930A9B08F10808434551
:101FB00006F10806A3D2DFF8E0A1FFF7B8BA1D07C3
:101FC0007FF5C3ADBC23C8F80030BEE558077FF5E8
:101FD000BCAD3C23C8F80030B7E50020D7F824C0DA
:101FE0001B3A0CF00F01DFF8B481079D4FEA520E47
:101FF00001310A932CFA00F2C2F3412BBBF1030F1B
:1020000008BF4FF47A7BC2F3041202FB011218BF1F
:1020100058F82BB00E9B0BFB02F2073052009A606F
:102020001C2803F10C030E93E4D10C22AAA902FB95
:102030000E12A2F50F720A9B926807954CE70222D6
:102040003E204FF40073114646E5B49B0092049382
:10205000002328461A46CDE9029301938AABFEF786
:102060003FF80028A0D14FF0080B59462846FDF74D
:1020700027FF002898D183E70B9E079500287FF45F
:102080007BAD0DF1AA020DF1A90107E012F80830AD
:10209000023308EB83080A9B43458CD311F80830C0
:1020A00009988342F2D112F808200795531CDBB23D
:1020B000E364002B3FF464AD0023216D474401EB42
:1020C000820BA1F1040E98461946079D8844002210
:1020D0000121387900F00F00084237D10132490060
:1020E000052AC9B2F8D12C4B02EB42020DF1780C53
:1020F0001EA800EB82001CF822205EF804CF79684D
:10210000CCF80820826821F0FF01CCF8102042684A
:1021100001F5807191422EBFB1FBF2F00A46012019
:10212000DE45CCF80080CCF80400CCF80C2007F198
:102130000407CBD1164A079593427FF4D2AE1FE530
:102140009A801A731A611A7502226EE4D2B2CBE732
:10215000BA78D10645D50A9A002A6FD100220A9290
:1021600000220121A8F8042088F81420C8F81020C3
:102170004FF0FF32032088F81E10C8F808202268AC
:10218000C8F80000042A40F046820D46FFF708BB5D
:102190000600B200C42C10180700B200DC2C101886
:1021A0000B9920460D93FFF73FF86021E2690C9BE5
:1021B00011601371D4F808800D9B4FF480724FF4B6
:1021C0007A456262C44AC4E911520B9A002A7FF42C
:1021D000A6AABBF1010FC1D0BA7812F010010A9182
:1021E000BCD1D207BCD50A9A002AB9D00022797B8B
:1021F000A8F80420C8F80010397B49091BD088F8DA
:102200000C20012288F81720FF22C8F808203A7B0A
:1022100002F01F02C8F8102012B1012288F816201F
:10222000012288F814202268042A40F0F481022355
:102230001D46FFF7B5BA4FF0FF32E6E74FF4807264
:10224000F97BA8F80420C8F80010BA7B52091BD00B
:102250000121FF2288F80C1088F81710C8F8082010
:10226000BA7B02F01F02C8F8102012B1012288F8D0
:102270001620012288F814202268042A40F0CB811D
:1022800003231D46FFF78CBA4FF0FF32E6E76021CB
:10229000E26982F8048011600C9AD4F80880002A60
:1022A0007FF408AA89E70022FFF7D3B9B978033A87
:1022B000C1F3410142F00042012962607FF4C2A9EA
:1022C0000422FFF7C6B9B2F1807F7FF6C1A9F7E714
:1022D00040F201114FF4007C97F859E088F824008F
:1022E000C8F800E0A8F804C0A8F81D1097F8581026
:1022F000490900F0AD810121022088F81C1088F8FE
:102300001710FF2188F80C004FF0010C4FF481707A
:10231000C8F8081097F85810042A01F01F01C8F8EF
:10232000101088F816C0A8F8140040F07481062335
:102330001D46FFF735BA4AAB184680220B9300F0D2
:1023400011FC664BFFF75ABA0122B49B0392049327
:10235000FF220023019200931A46B7210798CDF877
:102360000890FDF7BDFE0346FFF786BA80226AA8F3
:10237000119300F0F7FB119B0A990093B49B079807
:1023800002936AAB019319AA4B46FEF7E5FF0028BA
:1023900040F061819DF8A931002B00F05C81CBF801
:1023A0000030CBF8203001238BF824308BF8153027
:1023B00040F20113ABF81C3040F20333ABF80430A9
:1023C0004FF0FF330222CBF808300D9B8BF81E2014
:1023D000002B40F085800DF50A780122032114239B
:1023E00002208BF816208BF81410CBF8103040F236
:1023F000031E40F2033C40F2012BE3681D68197193
:1024000083F8242098771D62A36A83F824209A75A4
:10241000A3F814E0A3F804C0A3F81DB0D4F81CC0BE
:102420001D681D62DCF800308CF804108CF8242044
:10243000002180228CF81E00CCF82030404600F0AD
:1024400091FB0F9B0A990093B49B07980293CDF8D8
:1024500004804B461AAAFEF77FFFD0BB9DF82B22C3
:10246000636E511E1A709DF8332206295A7014D8D3
:102470009DF82A1299709DF82912D9709DF828129A
:1024800019719DF82F1259719DF82E1299719DF8AE
:102490002D12D9719DF82C121972013A062A14D8FE
:1024A0009DF832229A729DF83122DA729DF830221C
:1024B0001A739DF837225A739DF836229A739DF845
:1024C0003522DA739DF834221A7409231D46FFF76A
:1024D000F2BA01BEF9E700BFA08601008000B20099
:1024E000636D1D46002B3FF476AFA36D0D93002B5B
:1024F0003FF471AFB49B0021029304239DF8612047
:1025000000939DF860300DF16C0842EA03229DF8BB
:1025100062308DF82B1243EA022303F10802100AFD
:1025200020338DF82A22120C8DF829028DF82822EA
:10253000CDF804801A0A8DF872301B0C1B918DF8AF
:1025400073101D918DF871208DF8703007984B46EF
:10255000616B1CAAFEF700FF28B99DF96F209DF85A
:102560006F30002A7DDB4FF0FF330D9A2B60136034
:10257000B49B0DF50A7802931DAB019304230093DD
:1025800042464B460798616BFEF7E6FE00287FF453
:1025900024AF9DF97730A26A002BBFF61EAF9DF8DD
:1025A00075309DF87410DB0003F0080343EA9113C3
:1025B000136112E7BBF1000F7FF4C6AE4AAB594678
:1025C000802218460B9300F0CDFAFFF760B9F97A34
:1025D000A8F804C0C8F80010B97A490918D0012138
:1025E00088F81710FF2188F80CC0C8F80810B97ACD
:1025F00001F01F01C8F8101011B1012188F8161060
:102600000221042A88F8141005D11546FFF7C8B82E
:102610004FF0FF31E9E700214FF0020E4FF0010CBF
:102620004FF0FF30226A0A9390609180117311611C
:102630001175C2F800E082F81EC039461EAA204675
:10264000FEF734FE0A9B024600283FF446AC37E40E
:102650004FF0FF3158E6636BD4F808B00A93FFF7E8
:1026600047B99DF86D200D992A609DF86C200A608D
:102670009DF86F2003F0070110074CBF4FF0FF32A9
:102680009DF86E20C3F34113E2659A1CFF2393402B
:10269000DB438B4023666BE700231B60FFDEAB1F31
:1026A000D4F82080032B03D8DFE803F006020206EB
:1026B000FF231D46FFF773B906231D460B9B1B68BE
:1026C000FFF7FDB92DE9F0418CB0054617461E46CF
:1026D0000C46DDF84880B9B12422002103A800F09F
:1026E00041FACDF80080D8F834200023049228461F
:1026F000032203A98DF80C708DF814600994FEF77D
:10270000B5FE0CB0BDE8F08101BEE5E70B782DE920
:10271000F043013B0D6A072B05D8DFE803F0807D0D
:10272000047A040404774FF0000C836803F4401328
:10273000B3F5001F05D1DCF8283043F08073CCF8E6
:102740002830036813F001032CD1546BA40729D55A
:102750004FF4E0274FF007082C78DFF8F890CE68A8
:1027600044EA0904CCF840406C68CCF84470CCF8DA
:102770004830CCF8507095F801E0644224F0FF0432
:1027800026F0FF064EEA090ECCF860E0CCF8647043
:10279000CCF86830CCF87070CCF80860CCF80C40FD
:1027A000CCF820808068AC6800F44010631EB0F55F
:1027B000001FAD7803F01F0334D004F01F0040F079
:1027C000004040F4881043F08046CCF84C60CCF8D0
:1027D0005800ADB343F0804343F40033CCF86C3081
:1027E0000123146382F82C304B680A7F9B0212038A
:1027F00002F4E04203F40043134343F0004343F088
:1028000001030020CCF80030BDE8F08300F5186C1F
:102810008BE700F5106C88E700F5086C85E700F59C
:10282000006C82E7A01E43F0004300F01F0043F459
:10283000881340F08046CCF84C60CCF8583015B97D
:10284000CCF86C50CCE740F0804040F40030CCF83D
:102850006C00C5E7000007402DE9F047054682B04F
:102860008A46DDE90A7810460C9E002D00F08E8025
:10287000002800F09580002B00F08D80002F00F0E4
:102880009A80B8F1000F00F09080002E00F0918047
:102890000AF1FF32072A98BF98497E6094BF11F869
:1028A00002904FF0FF09D6E90021C5E90103C5E90F
:1028B0000678C5F810A0002A00F0C88001EB820E4F
:1028C0000022D5F80CC0AEF1040E0B1F53F8044FD4
:1028D0002478544508BF2A609E454CEA040C02F156
:1028E0000102F3D12B68002451F823A0C5F80CC0D5
:1028F00001E06868716851F8243001341A7A197857
:10290000FDF7B2FA3368A342F3D8AB68186800F059
:102910002DF9AB692A685B6868685B6853F82230F8
:102920005A68520710D5836803F44013B3F5001FAB
:1029300047D03A463146FDF7F1FD0446002857D00E
:10294000204602B0BDE8F0879B69002BF1D09A6861
:10295000117D032903D0196A097D0329E9D1527D2C
:10296000012A77D0002103682A7C23F0004303600A
:10297000FDF7DAFCA96900282ED0614C686808319F
:10298000FDF7BCFA204602B0BDE8F08701BE002882
:102990007FF471AF04E001BE002F7FF472AF0AE054
:1029A00001BE002B7FF46AAFF5E701BE002E7FF475
:1029B0006FAF01BE6CE701BEB8F1000F7FF465AFE9
:1029C000F3E70368002123F000432A7C0360FDF74E
:1029D000ABFCA9690028D0D168680831FDF78EFAF0
:1029E0003A4631466868FDF799FD04460028A7D1AC
:1029F000424649463846FDF7ADFD044600289FD1C2
:102A00002B68DAF818109A0059B1716851F8231040
:102A10008B699868007D022825D01B6A1B7D022BDC
:102A200021D0AB695968496889588A694AB1D06E22
:102A300038B19068067D032E22D0166A367D032EAB
:102A40001ED06B6943F001036B6179E72A6851F886
:102A500022A05BE71B6A597DA1F10101B1FA81F166
:102A6000490949007FE70027AB69686808330DF121
:102A700007028DF80770FEF74FFBE8B104465FE7E9
:102A8000407D01282FD00026324668680833FEF7C3
:102A900005FA30BB6868710003682A7C23F00043A4
:102AA0000360FDF741FCA96900287FF466AF686800
:102AB0000831FDF723FAC4E729689DF80700AB69E0
:102AC0008A000028AED17268686852F82110083375
:102AD00041F28832FEF760FB68B92A68AB69920060
:102AE000A0E7084C2CE7126A567DA6F10106B6FA5B
:102AF00086F67609C8E7044622E700BFBC2B10180B
:102B000005008A0604008A0608B570B14369DB0730
:102B100000D401BE406821B10121FDF795F90020E4
:102B200008BDFDF791F9002008BD01BEEEE700BF2A
:102B30000B4610B4A0B14269D20700D401BE82692D
:102B40000468516840684968083251F824101BB184
:102B50005DF8044BFDF7E6BF5DF8044BFEF70EB8D9
:102B600001BEE8E75FF800F03D8010185FF800F064
:102B7000994F10185FF800F0595110180769280094
:102B800010002000209871D5B035B8EAE271719834
:102B900069DEAFDFAC51F89E0A6744BC31029BF896
:042BA000485190D830
:00000001FF
